,Unnamed: 0,index,itrial,dataname,muh_fun,method,train_size,coverage,width
0,0.0,0.0,0,Beijing_air,RidgeCV,Ensemble,1000,0.883,132.9168085760503
1,6.0,6.0,0,Beijing_air,RandomForestRegressor,Ensemble,1000,0.9003333333333333,116.03363431174931
2,18.0,18.0,0,Beijing_air,RidgeCV,Ensemble,1888,0.9005177514792899,108.61931797022874
3,24.0,24.0,0,Beijing_air,RandomForestRegressor,Ensemble,1888,0.9018737672583826,126.42605260670764
4,36.0,36.0,0,Beijing_air,RidgeCV,Ensemble,2777,0.9054409525128064,103.20624304976864
5,42.0,42.0,0,Beijing_air,RandomForestRegressor,Ensemble,2777,0.9064100789145784,113.8148269236761
6,90.0,90.0,1,Beijing_air,RidgeCV,Ensemble,1000,0.8804444444444445,135.74799818133843
7,96.0,96.0,1,Beijing_air,RandomForestRegressor,Ensemble,1000,0.9013333333333332,114.35538749571205
8,108.0,108.0,1,Beijing_air,RidgeCV,Ensemble,1888,0.9015039447731756,108.39722453047364
9,114.0,114.0,1,Beijing_air,RandomForestRegressor,Ensemble,1888,0.9019970414201184,124.68665043277494
10,126.0,126.0,1,Beijing_air,RidgeCV,Ensemble,2777,0.9051640592551572,102.73844889998192
11,132.0,132.0,1,Beijing_air,RandomForestRegressor,Ensemble,2777,0.9062716322857538,113.26442338713673
12,180.0,180.0,2,Beijing_air,RidgeCV,Ensemble,1000,0.8803333333333333,135.19995450031143
13,186.0,186.0,2,Beijing_air,RandomForestRegressor,Ensemble,1000,0.9041111111111112,117.98170198523009
14,198.0,198.0,2,Beijing_air,RidgeCV,Ensemble,1888,0.9005177514792899,108.955100323677
15,204.0,204.0,2,Beijing_air,RandomForestRegressor,Ensemble,1888,0.8997781065088757,125.66531834189699
16,216.0,216.0,2,Beijing_air,RidgeCV,Ensemble,2777,0.9048871659975078,103.16995267602528
17,222.0,222.0,2,Beijing_air,RandomForestRegressor,Ensemble,2777,0.9069638654298768,115.12104350817013
18,270.0,270.0,3,Beijing_air,RidgeCV,Ensemble,1000,0.8828888888888888,130.1718088471741
19,276.0,276.0,3,Beijing_air,RandomForestRegressor,Ensemble,1000,0.9018888888888889,115.80150724549809
20,288.0,288.0,3,Beijing_air,RidgeCV,Ensemble,1888,0.9007642998027612,107.0218943374612
21,294.0,294.0,3,Beijing_air,RandomForestRegressor,Ensemble,1888,0.9022435897435898,122.99474106170378
22,306.0,306.0,3,Beijing_air,RidgeCV,Ensemble,2777,0.9048871659975078,102.63504478721492
23,312.0,312.0,3,Beijing_air,RandomForestRegressor,Ensemble,2777,0.9062716322857538,117.85925974383932
24,360.0,360.0,4,Beijing_air,RidgeCV,Ensemble,1000,0.8813333333333333,135.3979414532427
25,366.0,366.0,4,Beijing_air,RandomForestRegressor,Ensemble,1000,0.9024444444444444,117.0383941669538
26,378.0,378.0,4,Beijing_air,RidgeCV,Ensemble,1888,0.900887573964497,108.56829884667565
27,384.0,384.0,4,Beijing_air,RandomForestRegressor,Ensemble,1888,0.9023668639053254,124.9310038385481
28,396.0,396.0,4,Beijing_air,RidgeCV,Ensemble,2777,0.9039180395957358,103.2507704962181
29,402.0,402.0,4,Beijing_air,RandomForestRegressor,Ensemble,2777,0.9057178457704554,115.52803932464606
30,450.0,450.0,5,Beijing_air,RidgeCV,Ensemble,1000,0.8824444444444445,131.25653701858258
31,456.0,456.0,5,Beijing_air,RandomForestRegressor,Ensemble,1000,0.9016666666666666,115.44046404518528
32,468.0,468.0,5,Beijing_air,RidgeCV,Ensemble,1888,0.900887573964497,108.44511031357412
33,474.0,474.0,5,Beijing_air,RandomForestRegressor,Ensemble,1888,0.9011341222879684,125.38433473029795
34,486.0,486.0,5,Beijing_air,RidgeCV,Ensemble,2777,0.9053025058839818,103.06915569161022
35,492.0,492.0,5,Beijing_air,RandomForestRegressor,Ensemble,2777,0.908209885089298,115.87235645562636
36,540.0,540.0,6,Beijing_air,RidgeCV,Ensemble,1000,0.8794444444444445,139.34875261000272
37,546.0,546.0,6,Beijing_air,RandomForestRegressor,Ensemble,1000,0.9035555555555556,114.92884014892998
38,558.0,558.0,6,Beijing_air,RidgeCV,Ensemble,1888,0.9006410256410257,108.67059350509605
39,564.0,564.0,6,Beijing_air,RandomForestRegressor,Ensemble,1888,0.9029832347140041,123.01359723586448
40,576.0,576.0,6,Beijing_air,RidgeCV,Ensemble,2777,0.9044718261110342,103.34243220124941
41,582.0,582.0,6,Beijing_air,RandomForestRegressor,Ensemble,2777,0.9079329918316488,111.91204544280664
42,630.0,630.0,7,Beijing_air,RidgeCV,Ensemble,1000,0.8798888888888889,137.27164905274586
43,636.0,636.0,7,Beijing_air,RandomForestRegressor,Ensemble,1000,0.9015555555555556,115.81299730469169
44,648.0,648.0,7,Beijing_air,RidgeCV,Ensemble,1888,0.9007642998027612,108.80101800547813
45,654.0,654.0,7,Beijing_air,RandomForestRegressor,Ensemble,1888,0.9002712031558185,125.1740672119634
46,666.0,666.0,7,Beijing_air,RidgeCV,Ensemble,2777,0.9044718261110342,103.1106257938898
47,672.0,672.0,7,Beijing_air,RandomForestRegressor,Ensemble,2777,0.90585629239928,111.45840849807232
48,720.0,720.0,8,Beijing_air,RidgeCV,Ensemble,1000,0.8807777777777778,134.5884763847469
49,726.0,726.0,8,Beijing_air,RandomForestRegressor,Ensemble,1000,0.902,118.26918647815005
50,738.0,738.0,8,Beijing_air,RidgeCV,Ensemble,1888,0.9010108481262328,108.75739359171705
51,744.0,744.0,8,Beijing_air,RandomForestRegressor,Ensemble,1888,0.9006410256410257,125.55242456667528
52,756.0,756.0,8,Beijing_air,RidgeCV,Ensemble,2777,0.9053025058839818,102.9067154141198
53,762.0,762.0,8,Beijing_air,RandomForestRegressor,Ensemble,2777,0.908209885089298,113.6503168058597
54,810.0,810.0,9,Beijing_air,RidgeCV,Ensemble,1000,0.8796666666666667,138.4079483701022
55,816.0,816.0,9,Beijing_air,RandomForestRegressor,Ensemble,1000,0.9006666666666666,116.60886353299702
56,828.0,828.0,9,Beijing_air,RidgeCV,Ensemble,1888,0.9012573964497042,109.02432712602925
57,834.0,834.0,9,Beijing_air,RandomForestRegressor,Ensemble,1888,0.9007642998027612,126.328464758882
58,846.0,846.0,9,Beijing_air,RidgeCV,Ensemble,2777,0.9043333794822096,102.99493398606829
59,852.0,852.0,9,Beijing_air,RandomForestRegressor,Ensemble,2777,0.9062716322857538,114.84797966953676
60,900.0,0.0,0,Beijing_air,NeuralNet,Ensemble,1000,0.8921111111111111,105.37569264041124
61,906.0,6.0,0,Beijing_air,NeuralNet,Ensemble,1888,0.8863412228796844,108.53903550572815
62,912.0,12.0,0,Beijing_air,NeuralNet,Ensemble,2777,0.8882735705385574,99.87806565266877
63,930.0,30.0,1,Beijing_air,NeuralNet,Ensemble,1000,0.8915555555555555,103.27344206368828
64,936.0,36.0,1,Beijing_air,NeuralNet,Ensemble,1888,0.88732741617357,114.35080096436243
65,942.0,42.0,1,Beijing_air,NeuralNet,Ensemble,2777,0.8903502699709263,99.38674990742771
66,960.0,60.0,2,Beijing_air,NeuralNet,Ensemble,1000,0.8921111111111111,102.86586933080945
67,966.0,66.0,2,Beijing_air,NeuralNet,Ensemble,1888,0.8875739644970414,115.24191890814234
68,972.0,72.0,2,Beijing_air,NeuralNet,Ensemble,2777,0.8938114356915409,102.05236020399721
69,990.0,90.0,3,Beijing_air,NeuralNet,Ensemble,1000,0.8953333333333333,99.75560911367322
70,996.0,96.0,3,Beijing_air,NeuralNet,Ensemble,1888,0.8863412228796844,112.26064026059723
71,1002.0,102.0,3,Beijing_air,NeuralNet,Ensemble,2777,0.8909040564862246,102.90064006514356
72,1020.0,120.0,4,Beijing_air,NeuralNet,Ensemble,1000,0.893,102.10199330724464
73,1026.0,126.0,4,Beijing_air,NeuralNet,Ensemble,1888,0.88732741617357,103.78620963620668
74,1032.0,132.0,4,Beijing_air,NeuralNet,Ensemble,2777,0.8906271632285754,102.56478005937277
75,1050.0,150.0,5,Beijing_air,NeuralNet,Ensemble,1000,0.8938888888888888,101.63454000824785
76,1056.0,156.0,5,Beijing_air,NeuralNet,Ensemble,1888,0.8867110453648915,111.79160007490013
77,1062.0,162.0,5,Beijing_air,NeuralNet,Ensemble,2777,0.8936729890627163,101.9524015830738
78,1080.0,180.0,6,Beijing_air,NeuralNet,Ensemble,1000,0.8925555555555555,102.59985147411415
79,1086.0,186.0,6,Beijing_air,NeuralNet,Ensemble,1888,0.8854783037475346,109.4698230641572
80,1092.0,192.0,6,Beijing_air,NeuralNet,Ensemble,2777,0.8932576491762425,97.85443490835053
81,1110.0,210.0,7,Beijing_air,NeuralNet,Ensemble,1000,0.8908888888888888,107.66115518100244
82,1116.0,216.0,7,Beijing_air,NeuralNet,Ensemble,1888,0.8851084812623274,109.85395252042039
83,1122.0,222.0,7,Beijing_air,NeuralNet,Ensemble,2777,0.8917347362591721,103.4980478509596
84,1140.0,240.0,8,Beijing_air,NeuralNet,Ensemble,1000,0.8937777777777778,111.3814057923082
85,1146.0,246.0,8,Beijing_air,NeuralNet,Ensemble,1888,0.8888067061143984,115.41328464487171
86,1152.0,252.0,8,Beijing_air,NeuralNet,Ensemble,2777,0.8920116295168212,103.86753149872914
87,1170.0,270.0,9,Beijing_air,NeuralNet,Ensemble,1000,0.8926666666666667,102.85631435316942
88,1176.0,276.0,9,Beijing_air,NeuralNet,Ensemble,1888,0.8869575936883629,116.39517109280972
89,1182.0,282.0,9,Beijing_air,NeuralNet,Ensemble,2777,0.8920116295168212,100.10957260828062
90,0.0,,0,Beijing_air,RidgeCV,ICP,1000,0.6688888888888889,101.8674077618982
91,1.0,,0,Beijing_air,RidgeCV,Weighted_ICP,1000,0.6855555555555556,92.97573727490743
92,2.0,,0,Beijing_air,RandomForestRegressor,ICP,1000,0.8857777777777778,125.88131868131865
93,3.0,,0,Beijing_air,RandomForestRegressor,Weighted_ICP,1000,0.911,135.84517766497444
94,4.0,,0,Beijing_air,NeuralNet,ICP,1000,0.8923333333333333,92.7668914794922
95,5.0,,0,Beijing_air,NeuralNet,Weighted_ICP,1000,0.8932222222222223,114.90402221679688
96,6.0,,0,Beijing_air,RidgeCV,ICP,1888,0.8982988165680473,109.3983796001346
97,7.0,,0,Beijing_air,RidgeCV,Weighted_ICP,1888,0.8900394477317555,105.66569304753784
98,8.0,,0,Beijing_air,RandomForestRegressor,ICP,1888,0.8838757396449705,128.01884816753932
99,9.0,,0,Beijing_air,RandomForestRegressor,Weighted_ICP,1888,0.8758629191321499,122.93446918187284
100,10.0,,0,Beijing_air,NeuralNet,ICP,1888,0.8858481262327417,97.23204803466795
101,11.0,,0,Beijing_air,NeuralNet,Weighted_ICP,1888,0.8879437869822485,93.72864532470705
102,12.0,,0,Beijing_air,RidgeCV,ICP,2777,0.9167935760764224,109.30457116911137
103,13.0,,0,Beijing_air,RidgeCV,Weighted_ICP,2777,0.9202547417970371,106.18933513861772
104,14.0,,0,Beijing_air,RandomForestRegressor,ICP,2777,0.9381143569154092,149.7459692307693
105,15.0,,0,Beijing_air,RandomForestRegressor,Weighted_ICP,2777,0.9227467811158798,156.17798594847775
106,16.0,,0,Beijing_air,NeuralNet,ICP,2777,0.8931192025474181,94.47502899169922
107,17.0,,0,Beijing_air,NeuralNet,Weighted_ICP,2777,0.8950574553509622,123.8070068359375
108,18.0,,1,Beijing_air,RidgeCV,ICP,1000,0.6772222222222222,97.61212759530899
109,19.0,,1,Beijing_air,RidgeCV,Weighted_ICP,1000,0.6831111111111111,88.7229474611845
110,20.0,,1,Beijing_air,RandomForestRegressor,ICP,1000,0.8965555555555556,132.18604651162786
111,21.0,,1,Beijing_air,RandomForestRegressor,Weighted_ICP,1000,0.8716666666666667,120.00000000000023
112,22.0,,1,Beijing_air,NeuralNet,ICP,1000,0.8848888888888888,105.02360534667969
113,23.0,,1,Beijing_air,NeuralNet,Weighted_ICP,1000,0.8831111111111111,110.244873046875
114,24.0,,1,Beijing_air,RidgeCV,ICP,1888,0.9064349112426036,112.17861376408516
115,25.0,,1,Beijing_air,RidgeCV,Weighted_ICP,1888,0.8968195266272192,105.71589297509104
116,26.0,,1,Beijing_air,RandomForestRegressor,ICP,1888,0.8741370808678501,122.93333333333338
117,27.0,,1,Beijing_air,RandomForestRegressor,Weighted_ICP,1888,0.9005177514792899,133.41237113402076
118,28.0,,1,Beijing_air,NeuralNet,ICP,1888,0.8786982248520709,109.42164611816406
119,29.0,,1,Beijing_air,NeuralNet,Weighted_ICP,1888,0.8729043392504929,119.1588134765625
120,30.0,,1,Beijing_air,RidgeCV,ICP,2777,0.9155475564170013,109.12893413166648
121,31.0,,1,Beijing_air,RidgeCV,Weighted_ICP,2777,0.9140246434999308,105.259562747535
122,32.0,,1,Beijing_air,RandomForestRegressor,ICP,2777,0.8956112418662605,128.4713804713806
123,33.0,,1,Beijing_air,RandomForestRegressor,Weighted_ICP,2777,0.9105634777793159,134.69436853002068
124,34.0,,1,Beijing_air,NeuralNet,ICP,2777,0.9001799806174721,122.20068359375
125,35.0,,1,Beijing_air,NeuralNet,Weighted_ICP,2777,0.8946421154644885,113.7366714477539
126,36.0,,2,Beijing_air,RidgeCV,ICP,1000,0.7503333333333333,89.269615458952
127,37.0,,2,Beijing_air,RidgeCV,Weighted_ICP,1000,0.7544444444444445,97.36976510529962
128,38.0,,2,Beijing_air,RandomForestRegressor,ICP,1000,0.8847777777777778,126.58757062146894
129,39.0,,2,Beijing_air,RandomForestRegressor,Weighted_ICP,1000,0.9088888888888887,138.09278350515459
130,40.0,,2,Beijing_air,NeuralNet,ICP,1000,0.8721111111111111,85.55122375488281
131,41.0,,2,Beijing_air,NeuralNet,Weighted_ICP,1000,0.8715555555555555,96.8953857421875
132,42.0,,2,Beijing_air,RidgeCV,ICP,1888,0.8684664694280079,99.37918559327593
133,43.0,,2,Beijing_air,RidgeCV,Weighted_ICP,1888,0.8910256410256411,101.37962416435666
134,44.0,,2,Beijing_air,RandomForestRegressor,ICP,1888,0.8814102564102564,125.88532697276882
135,45.0,,2,Beijing_air,RandomForestRegressor,Weighted_ICP,1888,0.9096400394477318,137.78718908891022
136,46.0,,2,Beijing_air,NeuralNet,ICP,1888,0.8705621301775148,122.69864654541016
137,47.0,,2,Beijing_air,NeuralNet,Weighted_ICP,1888,0.8869575936883629,93.8611297607422
138,48.0,,2,Beijing_air,RidgeCV,ICP,2777,0.9138861968711062,105.5071746519138
139,49.0,,2,Beijing_air,RidgeCV,Weighted_ICP,2777,0.9234390142600029,111.85331373671872
140,50.0,,2,Beijing_air,RandomForestRegressor,ICP,2777,0.9285615395265124,141.45103533026122
141,51.0,,2,Beijing_air,RandomForestRegressor,Weighted_ICP,2777,0.9069638654298768,132.66666666666669
142,52.0,,2,Beijing_air,NeuralNet,ICP,2777,0.8813512390973279,114.5875015258789
143,53.0,,2,Beijing_air,NeuralNet,Weighted_ICP,2777,0.8903502699709263,100.67858123779295
144,54.0,,3,Beijing_air,RidgeCV,ICP,1000,0.6501111111111111,101.23826719107157
145,55.0,,3,Beijing_air,RidgeCV,Weighted_ICP,1000,0.5438888888888889,86.67069279745351
146,56.0,,3,Beijing_air,RandomForestRegressor,ICP,1000,0.9065555555555556,147.31182795698925
147,57.0,,3,Beijing_air,RandomForestRegressor,Weighted_ICP,1000,0.8953333333333333,160.76754385964927
148,58.0,,3,Beijing_air,NeuralNet,ICP,1000,0.8782222222222222,86.45698547363281
149,59.0,,3,Beijing_air,NeuralNet,Weighted_ICP,1000,0.8506666666666667,85.35694885253906
150,60.0,,3,Beijing_air,RidgeCV,ICP,1888,0.8950936883629191,105.88354495236666
151,61.0,,3,Beijing_air,RidgeCV,Weighted_ICP,1888,0.9061883629191322,109.67672943850668
152,62.0,,3,Beijing_air,RandomForestRegressor,ICP,1888,0.9111193293885601,147.90980392156877
153,63.0,,3,Beijing_air,RandomForestRegressor,Weighted_ICP,1888,0.8979289940828402,132.51259149423734
154,64.0,,3,Beijing_air,NeuralNet,ICP,1888,0.8706854043392505,114.26806640625
155,65.0,,3,Beijing_air,NeuralNet,Weighted_ICP,1888,0.8856015779092702,109.11815643310548
156,66.0,,3,Beijing_air,RidgeCV,ICP,2777,0.9084867783469472,106.70000366109983
157,67.0,,3,Beijing_air,RidgeCV,Weighted_ICP,2777,0.91762425584937,110.0739703569302
158,68.0,,3,Beijing_air,RandomForestRegressor,ICP,2777,0.9273155198670912,142.19152633602462
159,69.0,,3,Beijing_air,RandomForestRegressor,Weighted_ICP,2777,0.9116710508099128,135.9255744647478
160,70.0,,3,Beijing_air,NeuralNet,ICP,2777,0.8724906548525544,118.9344482421875
161,71.0,,3,Beijing_air,NeuralNet,Weighted_ICP,2777,0.8873044441367852,106.6734619140625
162,72.0,,4,Beijing_air,RidgeCV,ICP,1000,0.7634444444444445,88.03001483982214
163,73.0,,4,Beijing_air,RidgeCV,Weighted_ICP,1000,0.6995555555555556,89.0646484394631
164,74.0,,4,Beijing_air,RandomForestRegressor,ICP,1000,0.8773333333333333,125.74809716599195
165,75.0,,4,Beijing_air,RandomForestRegressor,Weighted_ICP,1000,0.8764444444444445,120.77900930487137
166,76.0,,4,Beijing_air,NeuralNet,ICP,1000,0.8543333333333333,82.42693328857422
167,77.0,,4,Beijing_air,NeuralNet,Weighted_ICP,1000,0.8773333333333333,102.7919921875
168,78.0,,4,Beijing_air,RidgeCV,ICP,1888,0.8836291913214991,101.40550848555608
169,79.0,,4,Beijing_air,RidgeCV,Weighted_ICP,1888,0.89965483234714,106.4004700158107
170,80.0,,4,Beijing_air,RandomForestRegressor,ICP,1888,0.9107495069033532,134.21860399698244
171,81.0,,4,Beijing_air,RandomForestRegressor,Weighted_ICP,1888,0.9142011834319528,137.79234972677608
172,82.0,,4,Beijing_air,NeuralNet,ICP,1888,0.8684664694280079,84.47400665283203
173,83.0,,4,Beijing_air,NeuralNet,Weighted_ICP,1888,0.8838757396449705,89.73269653320312
174,84.0,,4,Beijing_air,RidgeCV,ICP,2777,0.9148553232728784,105.7914422843887
175,85.0,,4,Beijing_air,RidgeCV,Weighted_ICP,2777,0.9172089159628964,109.14692836771631
176,86.0,,4,Beijing_air,RandomForestRegressor,ICP,2777,0.9281461996400387,138.7509578544061
177,87.0,,4,Beijing_air,RandomForestRegressor,Weighted_ICP,2777,0.9044718261110342,130.86467050864442
178,88.0,,4,Beijing_air,NeuralNet,ICP,2777,0.8968572615256819,95.58077239990234
179,89.0,,4,Beijing_air,NeuralNet,Weighted_ICP,2777,0.9023951266786654,103.14478302001952
180,90.0,,5,Beijing_air,RidgeCV,ICP,1000,0.6602222222222223,98.08822249007838
181,91.0,,5,Beijing_air,RidgeCV,Weighted_ICP,1000,0.8176666666666667,92.81030570025746
182,92.0,,5,Beijing_air,RandomForestRegressor,ICP,1000,0.8875555555555555,151.99179487179487
183,93.0,,5,Beijing_air,RandomForestRegressor,Weighted_ICP,1000,0.8891111111111111,128.9849447975916
184,94.0,,5,Beijing_air,NeuralNet,ICP,1000,0.8982222222222223,97.1139678955078
185,95.0,,5,Beijing_air,NeuralNet,Weighted_ICP,1000,0.8909999999999999,102.3989715576172
186,96.0,,5,Beijing_air,RidgeCV,ICP,1888,0.8922583826429981,108.7763557980295
187,97.0,,5,Beijing_air,RidgeCV,Weighted_ICP,1888,0.8901627218934911,103.5849645656674
188,98.0,,5,Beijing_air,RandomForestRegressor,ICP,1888,0.9130917159763312,133.23415178571435
189,99.0,,5,Beijing_air,RandomForestRegressor,Weighted_ICP,1888,0.9053254437869822,147.88923076923078
190,100.0,,5,Beijing_air,NeuralNet,ICP,1888,0.8789447731755424,94.96956634521484
191,101.0,,5,Beijing_air,NeuralNet,Weighted_ICP,1888,0.8726577909270217,94.10047149658205
192,102.0,,5,Beijing_air,RidgeCV,ICP,2777,0.9091790114910702,103.5745100887994
193,103.0,,5,Beijing_air,RidgeCV,Weighted_ICP,2777,0.9154091097881768,108.43249139682942
194,104.0,,5,Beijing_air,RandomForestRegressor,ICP,2777,0.8945036688356639,127.5776503425527
195,105.0,,5,Beijing_air,RandomForestRegressor,Weighted_ICP,2777,0.9066869721722276,134.74626865671644
196,106.0,,5,Beijing_air,NeuralNet,ICP,2777,0.8981032811851032,111.9923095703125
197,107.0,,5,Beijing_air,NeuralNet,Weighted_ICP,2777,0.8843970649314691,107.95800018310548
198,108.0,,6,Beijing_air,RidgeCV,ICP,1000,0.789,85.75131328654388
199,109.0,,6,Beijing_air,RidgeCV,Weighted_ICP,1000,0.6345555555555555,88.14371745801714
200,110.0,,6,Beijing_air,RandomForestRegressor,ICP,1000,0.8871111111111111,127.65023696682465
201,111.0,,6,Beijing_air,RandomForestRegressor,Weighted_ICP,1000,0.8984444444444445,128.7306557377049
202,112.0,,6,Beijing_air,NeuralNet,ICP,1000,0.8693333333333333,87.64071655273438
203,113.0,,6,Beijing_air,NeuralNet,Weighted_ICP,1000,0.8763333333333333,85.52915954589844
204,114.0,,6,Beijing_air,RidgeCV,ICP,1888,0.8973126232741617,105.0133466984098
205,115.0,,6,Beijing_air,RidgeCV,Weighted_ICP,1888,0.8968195266272192,104.09428468383041
206,116.0,,6,Beijing_air,RandomForestRegressor,ICP,1888,0.9145710059171598,136.30939226519334
207,117.0,,6,Beijing_air,RandomForestRegressor,Weighted_ICP,1888,0.9137080867850098,143.7494505494506
208,118.0,,6,Beijing_air,NeuralNet,ICP,1888,0.8804240631163708,99.05127716064452
209,119.0,,6,Beijing_air,NeuralNet,Weighted_ICP,1888,0.8799309664694279,105.10972595214844
210,120.0,,6,Beijing_air,RidgeCV,ICP,2777,0.9238543541464764,117.35697166399795
211,121.0,,6,Beijing_air,RidgeCV,Weighted_ICP,2777,0.9138861968711062,107.52815641065772
212,122.0,,6,Beijing_air,RandomForestRegressor,ICP,2777,0.9137477502422816,135.09301274249242
213,123.0,,6,Beijing_air,RandomForestRegressor,Weighted_ICP,2777,0.9192856153952652,142.52234993614297
214,124.0,,6,Beijing_air,NeuralNet,ICP,2777,0.909594351377544,122.546142578125
215,125.0,,6,Beijing_air,NeuralNet,Weighted_ICP,2777,0.9012875536480688,96.614990234375
216,126.0,,7,Beijing_air,RidgeCV,ICP,1000,0.6561111111111111,97.19751303749771
217,127.0,,7,Beijing_air,RidgeCV,Weighted_ICP,1000,0.6585555555555556,92.53301592829577
218,128.0,,7,Beijing_air,RandomForestRegressor,ICP,1000,0.9078888888888887,132.2871399594321
219,129.0,,7,Beijing_air,RandomForestRegressor,Weighted_ICP,1000,0.8945555555555555,131.94594594594582
220,130.0,,7,Beijing_air,NeuralNet,ICP,1000,0.9011111111111112,125.56295776367188
221,131.0,,7,Beijing_air,NeuralNet,Weighted_ICP,1000,0.8633333333333333,85.5050048828125
222,132.0,,7,Beijing_air,RidgeCV,ICP,1888,0.907914201183432,113.11705852722366
223,133.0,,7,Beijing_air,RidgeCV,Weighted_ICP,1888,0.8968195266272192,108.57256212448456
224,134.0,,7,Beijing_air,RandomForestRegressor,ICP,1888,0.8922583826429981,128.46236559139786
225,135.0,,7,Beijing_air,RandomForestRegressor,Weighted_ICP,1888,0.8817800788954635,124.67834171757092
226,136.0,,7,Beijing_air,NeuralNet,ICP,1888,0.8768491124260355,110.18502807617188
227,137.0,,7,Beijing_air,NeuralNet,Weighted_ICP,1888,0.8690828402366864,113.86972045898438
228,138.0,,7,Beijing_air,RidgeCV,ICP,2777,0.9104250311504914,107.817964771581
229,139.0,,7,Beijing_air,RidgeCV,Weighted_ICP,2777,0.9122248373252112,107.35828559539286
230,140.0,,7,Beijing_air,RandomForestRegressor,ICP,2777,0.9123632839540358,137.3159609120521
231,141.0,,7,Beijing_air,RandomForestRegressor,Weighted_ICP,2777,0.9133324103558078,139.52784313725493
232,142.0,,7,Beijing_air,NeuralNet,ICP,2777,0.8968572615256819,112.44454956054688
233,143.0,,7,Beijing_air,NeuralNet,Weighted_ICP,2777,0.8773362868614151,100.29041290283205
234,144.0,,8,Beijing_air,RidgeCV,ICP,1000,0.6725555555555556,98.65996790682732
235,145.0,,8,Beijing_air,RidgeCV,Weighted_ICP,1000,0.6218888888888889,105.62199472557656
236,146.0,,8,Beijing_air,RandomForestRegressor,ICP,1000,0.9017777777777778,132.76708889264205
237,147.0,,8,Beijing_air,RandomForestRegressor,Weighted_ICP,1000,0.8848888888888888,121.4857895165448
238,148.0,,8,Beijing_air,NeuralNet,ICP,1000,0.8692222222222222,97.84284973144531
239,149.0,,8,Beijing_air,NeuralNet,Weighted_ICP,1000,0.8808888888888889,99.52342224121094
240,150.0,,8,Beijing_air,RidgeCV,ICP,1888,0.8944773175542406,105.32420588431705
241,151.0,,8,Beijing_air,RidgeCV,Weighted_ICP,1888,0.8949704142011834,104.42104361364883
242,152.0,,8,Beijing_air,RandomForestRegressor,ICP,1888,0.8899161735700197,129.0384180790961
243,153.0,,8,Beijing_air,RandomForestRegressor,Weighted_ICP,1888,0.8727810650887574,121.32944297082231
244,154.0,,8,Beijing_air,NeuralNet,ICP,1888,0.8810404339250493,119.24776458740234
245,155.0,,8,Beijing_air,NeuralNet,Weighted_ICP,1888,0.8814102564102564,118.31969451904295
246,156.0,,8,Beijing_air,RidgeCV,ICP,2777,0.915270663159352,109.54705683472456
247,157.0,,8,Beijing_air,RidgeCV,Weighted_ICP,2777,0.9058562923992801,104.18192635428612
248,158.0,,8,Beijing_air,RandomForestRegressor,ICP,2777,0.9057178457704554,133.17695000000003
249,159.0,,8,Beijing_air,RandomForestRegressor,Weighted_ICP,2777,0.9329918316488992,147.8404751921733
250,160.0,,8,Beijing_air,NeuralNet,ICP,2777,0.8913193963726983,120.0989990234375
251,161.0,,8,Beijing_air,NeuralNet,Weighted_ICP,2777,0.9089021182334208,94.20267486572266
252,162.0,,9,Beijing_air,RidgeCV,ICP,1000,0.575,94.90260983685673
253,163.0,,9,Beijing_air,RidgeCV,Weighted_ICP,1000,0.8059999999999999,87.47247775376013
254,164.0,,9,Beijing_air,RandomForestRegressor,ICP,1000,0.9028888888888889,133.49021211346798
255,165.0,,9,Beijing_air,RandomForestRegressor,Weighted_ICP,1000,0.8885555555555555,130.61333333333332
256,166.0,,9,Beijing_air,NeuralNet,ICP,1000,0.8587777777777778,89.15031433105469
257,167.0,,9,Beijing_air,NeuralNet,Weighted_ICP,1000,0.8962222222222223,104.99624633789062
258,168.0,,9,Beijing_air,RidgeCV,ICP,1888,0.8811637080867851,99.16002120866855
259,169.0,,9,Beijing_air,RidgeCV,Weighted_ICP,1888,0.8966962524654832,107.06768797781248
260,170.0,,9,Beijing_air,RandomForestRegressor,ICP,1888,0.8695759368836292,121.60606060606054
261,171.0,,9,Beijing_air,RandomForestRegressor,Weighted_ICP,1888,0.8922583826429981,132.04187643020595
262,172.0,,9,Beijing_air,NeuralNet,ICP,1888,0.8664940828402367,102.48827362060548
263,173.0,,9,Beijing_air,NeuralNet,Weighted_ICP,1888,0.8747534516765286,115.69960021972656
264,174.0,,9,Beijing_air,RidgeCV,ICP,2777,0.9216392080852832,109.2164591610333
265,175.0,,9,Beijing_air,RidgeCV,Weighted_ICP,2777,0.9068254188010522,103.75287255902883
266,176.0,,9,Beijing_air,RandomForestRegressor,ICP,2777,0.9064100789145784,132.96155988857936
267,177.0,,9,Beijing_air,RandomForestRegressor,Weighted_ICP,2777,0.9094559047487194,134.88704384889348
268,178.0,,9,Beijing_air,NeuralNet,ICP,2777,0.9065485255434028,103.685546875
269,179.0,,9,Beijing_air,NeuralNet,Weighted_ICP,2777,0.8992108542156998,106.60595703125
0,,,0,Beijing_air,RNN,ICP,1000,0.8874444444444445,111.0007781982422
1,,,0,Beijing_air,RNN,Weighted_ICP,1000,0.8602222222222222,96.56625366210938
2,,,0,Beijing_air,RNN,ICP,1888,0.8664940828402367,96.20723724365234
3,,,0,Beijing_air,RNN,Weighted_ICP,1888,0.8724112426035503,95.68741607666016
4,,,0,Beijing_air,RNN,ICP,2777,0.8936729890627163,98.43716430664062
5,,,0,Beijing_air,RNN,Weighted_ICP,2777,0.8681988093589921,87.8750228881836
6,,,1,Beijing_air,RNN,ICP,1000,0.9007777777777778,125.76426696777344
7,,,1,Beijing_air,RNN,Weighted_ICP,1000,0.8422222222222222,91.99623107910156
8,,,1,Beijing_air,RNN,ICP,1888,0.8811637080867851,102.51946258544922
9,,,1,Beijing_air,RNN,Weighted_ICP,1888,0.8576183431952663,84.74992370605469
10,,,1,Beijing_air,RNN,ICP,2777,0.8855046379620656,93.55652618408205
11,,,1,Beijing_air,RNN,Weighted_ICP,2777,0.8789976464073099,89.47564697265625
12,,,2,Beijing_air,RNN,ICP,1000,0.9251111111111112,418.5654602050781
13,,,2,Beijing_air,RNN,Weighted_ICP,1000,0.9215555555555556,337.97869873046875
14,,,2,Beijing_air,RNN,ICP,1888,0.8724112426035503,93.6669692993164
15,,,2,Beijing_air,RNN,Weighted_ICP,1888,0.8467702169625246,82.81250762939453
16,,,2,Beijing_air,RNN,ICP,2777,0.8798283261802575,88.74482727050781
17,,,2,Beijing_air,RNN,Weighted_ICP,2777,0.8745673542849232,86.00133514404297
18,,,3,Beijing_air,RNN,ICP,1000,0.8887777777777778,109.87835693359376
19,,,3,Beijing_air,RNN,Weighted_ICP,1000,0.825,78.28925323486328
20,,,3,Beijing_air,RNN,ICP,1888,0.8783284023668639,101.5584716796875
21,,,3,Beijing_air,RNN,Weighted_ICP,1888,0.8705621301775148,91.81696319580078
22,,,3,Beijing_air,RNN,ICP,2777,0.8676450228436937,89.01951599121094
23,,,3,Beijing_air,RNN,Weighted_ICP,2777,0.8839817250449952,91.12646484375
24,,,4,Beijing_air,RNN,ICP,1000,0.8664444444444445,101.23625183105469
25,,,4,Beijing_air,RNN,Weighted_ICP,1000,0.8163333333333334,80.51696014404297
26,,,4,Beijing_air,RNN,ICP,1888,0.8545364891518737,85.64823150634766
27,,,4,Beijing_air,RNN,Weighted_ICP,1888,0.8677268244575936,82.87615966796875
28,,,4,Beijing_air,RNN,ICP,2777,0.8762287138308182,92.08560943603516
29,,,4,Beijing_air,RNN,Weighted_ICP,2777,0.8756749273155199,92.39810180664062
30,,,5,Beijing_air,RNN,ICP,1000,0.8862222222222222,112.01524353027344
31,,,5,Beijing_air,RNN,Weighted_ICP,1000,0.857,91.0625228881836
32,,,5,Beijing_air,RNN,ICP,1888,0.8720414201183432,97.35457611083984
33,,,5,Beijing_air,RNN,Weighted_ICP,1888,0.8683431952662722,91.93861389160156
34,,,5,Beijing_air,RNN,ICP,2777,0.8699986155337117,86.94371032714844
35,,,5,Beijing_air,RNN,Weighted_ICP,2777,0.8598920116295168,81.71514892578125
36,,,6,Beijing_air,RNN,ICP,1000,0.8877777777777778,109.12818145751952
37,,,6,Beijing_air,RNN,Weighted_ICP,1000,0.8604444444444445,90.20359802246094
38,,,6,Beijing_air,RNN,ICP,1888,0.8588510848126233,90.98332977294922
39,,,6,Beijing_air,RNN,Weighted_ICP,1888,0.8443047337278107,84.5624771118164
40,,,6,Beijing_air,RNN,ICP,2777,0.8951959019797868,95.3317413330078
41,,,6,Beijing_air,RNN,Weighted_ICP,2777,0.8767825003461166,88.33177185058594
42,,,7,Beijing_air,RNN,ICP,1000,0.9113333333333332,131.24653625488278
43,,,7,Beijing_air,RNN,Weighted_ICP,1000,0.8948888888888888,113.8115005493164
44,,,7,Beijing_air,RNN,ICP,1888,0.8848619329388561,100.5675048828125
45,,,7,Beijing_air,RNN,Weighted_ICP,1888,0.8574950690335306,87.17012023925781
46,,,7,Beijing_air,RNN,ICP,2777,0.8634916239789561,87.47892761230469
47,,,7,Beijing_air,RNN,Weighted_ICP,2777,0.8560155060224284,85.27626037597656
48,,,8,Beijing_air,RNN,ICP,1000,0.8731111111111111,103.06608581542969
49,,,8,Beijing_air,RNN,Weighted_ICP,1000,0.8773333333333333,103.63817596435548
50,,,8,Beijing_air,RNN,ICP,1888,0.8615631163708086,91.4541244506836
51,,,8,Beijing_air,RNN,Weighted_ICP,1888,0.855276134122288,87.56358337402344
52,,,8,Beijing_air,RNN,ICP,2777,0.8895195901979787,91.91754150390624
53,,,8,Beijing_air,RNN,Weighted_ICP,2777,0.8691679357607642,86.49989318847656
54,,,9,Beijing_air,RNN,ICP,1000,0.872,104.20469665527344
55,,,9,Beijing_air,RNN,Weighted_ICP,1000,0.8518888888888889,91.89080047607422
56,,,9,Beijing_air,RNN,ICP,1888,0.8692061143984221,94.60796356201172
57,,,9,Beijing_air,RNN,Weighted_ICP,1888,0.8438116370808678,81.9562759399414
58,,,9,Beijing_air,RNN,ICP,2777,0.8931192025474181,100.85699462890624
59,,,9,Beijing_air,RNN,Weighted_ICP,2777,0.8946421154644885,92.993896484375
3,,,0,Beijing_air,RNN,Ensemble,1000,0.8927777777777778,94.30536675539724
15,,,0,Beijing_air,RNN,Ensemble,1888,0.8927514792899408,95.89004950402605
27,,,0,Beijing_air,RNN,Ensemble,2777,0.8921500761456459,86.76250299789456
63,,,1,Beijing_air,RNN,Ensemble,1000,0.8888888888888888,98.91203068979178
75,,,1,Beijing_air,RNN,Ensemble,1888,0.8883136094674556,93.47908591584208
87,,,1,Beijing_air,RNN,Ensemble,2777,0.883012598643223,86.5022111451873
123,,,2,Beijing_air,RNN,Ensemble,1000,0.8917777777777778,100.80085992150416
135,,,2,Beijing_air,RNN,Ensemble,1888,0.8881903353057199,96.21135495801138
147,,,2,Beijing_air,RNN,Ensemble,2777,0.8906271632285754,93.39351974555576
183,,,3,Beijing_air,RNN,Ensemble,1000,0.8916666666666667,104.4404586443323
195,,,3,Beijing_air,RNN,Ensemble,1888,0.8918885601577909,90.03895263110122
207,,,3,Beijing_air,RNN,Ensemble,2777,0.8792745396649592,93.2930618705408
243,,,4,Beijing_air,RNN,Ensemble,1000,0.8928888888888888,98.20930268742435
255,,,4,Beijing_air,RNN,Ensemble,1888,0.888560157790927,91.8883451670627
267,,,4,Beijing_air,RNN,Ensemble,2777,0.8881351239097328,93.22114100874587
303,,,5,Beijing_air,RNN,Ensemble,1000,0.8902222222222222,100.12466303732955
315,,,5,Beijing_air,RNN,Ensemble,1888,0.8925049309664694,89.97492324243379
327,,,5,Beijing_air,RNN,Ensemble,2777,0.8893811435691541,95.34085498675181
363,,,6,Beijing_air,RNN,Ensemble,1000,0.9017777777777778,381.6053777777874
375,,,6,Beijing_air,RNN,Ensemble,1888,0.8913954635108481,94.90462603748628
387,,,6,Beijing_air,RNN,Ensemble,2777,0.8891042503115049,85.4020548718615
423,,,7,Beijing_air,RNN,Ensemble,1000,0.8905555555555555,99.89424132029005
435,,,7,Beijing_air,RNN,Ensemble,1888,0.8895463510848126,95.62596445821012
447,,,7,Beijing_air,RNN,Ensemble,2777,0.892426969403295,86.22655140272778
483,,,8,Beijing_air,RNN,Ensemble,1000,0.8914444444444445,98.17409116814108
495,,,8,Beijing_air,RNN,Ensemble,1888,0.8894230769230769,95.99865164203743
507,,,8,Beijing_air,RNN,Ensemble,2777,0.8848124048179427,96.16046533341505
543,,,9,Beijing_air,RNN,Ensemble,1000,0.894,97.7847383008476
555,,,9,Beijing_air,RNN,Ensemble,1888,0.8900394477317555,87.75082107061732
567,,,9,Beijing_air,RNN,Ensemble,2777,0.8893811435691541,87.89867910281679
