index,itrial,dataname,muh_fun,method,alpha,coverage,width,train_size
0,0,Palo_Alto,RidgeCV,Ensemble,,0.8878741755454084,140.10010580321276,876
1,0,Palo_Alto,RandomForestRegressor,Ensemble,,0.8909183155758498,105.7623645439403,876
2,0,Palo_Alto,NeuralNet,Ensemble,,0.8929477422628107,137.8553782583272,876
3,0,Palo_Alto,RNN,Ensemble,,0.8948503297818367,154.2241357961254,876
4,0,Palo_Alto,RidgeCV,Ensemble,,0.8933295806360821,135.9225102067528,1654
5,0,Palo_Alto,RandomForestRegressor,Ensemble,,0.8945961159583451,127.50580763285795,1654
6,0,Palo_Alto,NeuralNet,Ensemble,,0.8886856177877851,128.32050826436992,1654
7,0,Palo_Alto,RNN,Ensemble,,0.8958626512806079,160.0217687730126,1654
8,0,Palo_Alto,RidgeCV,Ensemble,,0.8843053579895686,142.9187657328257,2433
9,0,Palo_Alto,RandomForestRegressor,Ensemble,,0.915915915915916,118.15514537048873,2433
10,0,Palo_Alto,NeuralNet,Ensemble,,0.8966334755808442,115.99044944955338,2433
11,0,Palo_Alto,RNN,Ensemble,,0.9173383910226016,163.30821003256102,2433
12,1,Palo_Alto,RidgeCV,Ensemble,,0.8885083713850838,146.28386017321873,876
13,1,Palo_Alto,RandomForestRegressor,Ensemble,,0.8923135464231354,103.74611191527408,876
14,1,Palo_Alto,NeuralNet,Ensemble,,0.8933282597666159,137.23691619341906,876
15,1,Palo_Alto,RNN,Ensemble,,0.8948503297818367,154.40422375214584,876
16,1,Palo_Alto,RidgeCV,Ensemble,,0.8938924852237545,136.1718465074491,1654
17,1,Palo_Alto,RandomForestRegressor,Ensemble,,0.8947368421052632,129.55495228894898,1654
18,1,Palo_Alto,NeuralNet,Ensemble,,0.8884041654939487,127.52624501193935,1654
19,1,Palo_Alto,RNN,Ensemble,,0.8958626512806079,159.89349600910825,1654
20,1,Palo_Alto,RidgeCV,Ensemble,,0.8831989884621464,143.14353909258762,2433
21,1,Palo_Alto,RandomForestRegressor,Ensemble,,0.9138612296507034,119.0373539590853,2433
22,1,Palo_Alto,NeuralNet,Ensemble,,0.8972656867393709,113.0353104458259,2433
23,1,Palo_Alto,RNN,Ensemble,,0.9171803382329698,163.39098830977198,2433
24,2,Palo_Alto,RidgeCV,Ensemble,,0.8878741755454084,144.18638646292442,876
25,2,Palo_Alto,RandomForestRegressor,Ensemble,,0.8918061897513953,103.42663245436027,876
26,2,Palo_Alto,NeuralNet,Ensemble,,0.8947234906139016,137.9517794044593,876
27,2,Palo_Alto,RNN,Ensemble,,0.8947234906139016,154.21462121321605,876
28,2,Palo_Alto,RidgeCV,Ensemble,,0.8923444976076556,135.7455280296844,1654
29,2,Palo_Alto,RandomForestRegressor,Ensemble,,0.8945961159583451,128.1963569844745,1654
30,2,Palo_Alto,NeuralNet,Ensemble,,0.8872783563186041,128.73733020619127,1654
31,2,Palo_Alto,RNN,Ensemble,,0.8958626512806079,160.0565632731134,1654
32,2,Palo_Alto,RidgeCV,Ensemble,,0.883357041251778,143.10466398750074,2433
33,2,Palo_Alto,RandomForestRegressor,Ensemble,,0.9144934408092302,118.30716281418479,2433
34,2,Palo_Alto,NeuralNet,Ensemble,,0.8966334755808442,113.67909113775488,2433
35,2,Palo_Alto,RNN,Ensemble,,0.9171803382329698,163.16755668608857,2433
36,3,Palo_Alto,RidgeCV,Ensemble,,0.8876204972095383,143.41848534525474,876
37,3,Palo_Alto,RandomForestRegressor,Ensemble,,0.8920598680872653,107.69269259622324,876
38,3,Palo_Alto,NeuralNet,Ensemble,,0.8929477422628107,135.60888095824006,876
39,3,Palo_Alto,RNN,Ensemble,,0.8945966514459666,154.16481827626734,876
40,3,Palo_Alto,RidgeCV,Ensemble,,0.8924852237545736,135.58212297624047,1654
41,3,Palo_Alto,RandomForestRegressor,Ensemble,,0.8955811989867717,129.6063197095532,1654
42,3,Palo_Alto,NeuralNet,Ensemble,,0.8872783563186041,126.3689205087906,1654
43,3,Palo_Alto,RNN,Ensemble,,0.8955811989867717,159.92863135243044,1654
44,3,Palo_Alto,RidgeCV,Ensemble,,0.8866761498340445,142.51936920085268,2433
45,3,Palo_Alto,RandomForestRegressor,Ensemble,,0.9144934408092302,114.17479567631509,2433
46,3,Palo_Alto,NeuralNet,Ensemble,,0.8964754227912123,114.33541785590972,2433
47,3,Palo_Alto,RNN,Ensemble,,0.9171803382329698,163.34170296149696,2433
48,4,Palo_Alto,RidgeCV,Ensemble,,0.8869863013698629,141.1505998229174,876
49,4,Palo_Alto,RandomForestRegressor,Ensemble,,0.8919330289193302,110.71721436081663,876
50,4,Palo_Alto,NeuralNet,Ensemble,,0.8939624556062912,136.78966159086968,876
51,4,Palo_Alto,RNN,Ensemble,,0.8948503297818367,154.36401764840235,876
52,4,Palo_Alto,RidgeCV,Ensemble,,0.8926259499014917,135.77123771534568,1654
53,4,Palo_Alto,RandomForestRegressor,Ensemble,,0.8951590205460175,126.76888350911192,1654
54,4,Palo_Alto,NeuralNet,Ensemble,,0.8878412609062764,129.18262174517034,1654
55,4,Palo_Alto,RNN,Ensemble,,0.8957219251336899,159.87320160561944,1654
56,4,Palo_Alto,RidgeCV,Ensemble,,0.8830409356725146,143.4015141337288,2433
57,4,Palo_Alto,RandomForestRegressor,Ensemble,,0.9149675991781256,117.82341971464926,2433
58,4,Palo_Alto,NeuralNet,Ensemble,,0.8947368421052632,112.17951113113888,2433
59,4,Palo_Alto,RNN,Ensemble,,0.9171803382329698,163.21285399336296,2433
60,5,Palo_Alto,RidgeCV,Ensemble,,0.8860984271943176,141.71051753015522,876
61,5,Palo_Alto,RandomForestRegressor,Ensemble,,0.8920598680872653,109.3682740643833,876
62,5,Palo_Alto,NeuralNet,Ensemble,,0.8942161339421614,137.16071911066064,876
63,5,Palo_Alto,RNN,Ensemble,,0.8948503297818367,154.3238718936411,876
64,5,Palo_Alto,RidgeCV,Ensemble,,0.8926259499014917,135.9590589965989,1654
65,5,Palo_Alto,RandomForestRegressor,Ensemble,,0.8945961159583451,126.71563108140819,1654
66,5,Palo_Alto,NeuralNet,Ensemble,,0.8875598086124402,127.1771817288582,1654
67,5,Palo_Alto,RNN,Ensemble,,0.8957219251336899,160.00066277807713,1654
68,5,Palo_Alto,RidgeCV,Ensemble,,0.8857278330962541,142.409552424446,2433
69,5,Palo_Alto,RandomForestRegressor,Ensemble,,0.9143353880195986,116.78191290094676,2433
70,5,Palo_Alto,NeuralNet,Ensemble,,0.8964754227912123,111.50697931783077,2433
71,5,Palo_Alto,RNN,Ensemble,,0.9171803382329698,163.2551102008965,2433
72,6,Palo_Alto,RidgeCV,Ensemble,,0.8871131405377981,139.4991912559305,876
73,6,Palo_Alto,RandomForestRegressor,Ensemble,,0.8916793505834602,107.37634053090628,876
74,6,Palo_Alto,NeuralNet,Ensemble,,0.8939624556062912,138.56772820466577,876
75,6,Palo_Alto,RNN,Ensemble,,0.8948503297818367,154.34998642930609,876
76,6,Palo_Alto,RidgeCV,Ensemble,,0.8923444976076556,135.93296789046877,1654
77,6,Palo_Alto,RandomForestRegressor,Ensemble,,0.8941739375175908,127.59395351414331,1654
78,6,Palo_Alto,NeuralNet,Ensemble,,0.8884041654939487,128.89216109845935,1654
79,6,Palo_Alto,RNN,Ensemble,,0.8955811989867717,159.86242173410548,1654
80,6,Palo_Alto,RidgeCV,Ensemble,,0.8827248300932512,143.0813612549915,2433
81,6,Palo_Alto,RandomForestRegressor,Ensemble,,0.913387071281808,116.91511702790883,2433
82,6,Palo_Alto,NeuralNet,Ensemble,,0.8960012644223171,117.41625132124102,2433
83,6,Palo_Alto,RNN,Ensemble,,0.9171803382329698,163.2712651943718,2433
84,7,Palo_Alto,RidgeCV,Ensemble,,0.8873668188736682,142.08560645679216,876
85,7,Palo_Alto,RandomForestRegressor,Ensemble,,0.8915525114155252,113.51377269143185,876
86,7,Palo_Alto,NeuralNet,Ensemble,,0.8942161339421614,138.90843868838377,876
87,7,Palo_Alto,RNN,Ensemble,,0.8945966514459666,154.28815863192526,876
88,7,Palo_Alto,RidgeCV,Ensemble,,0.8926259499014917,136.14829767159384,1654
89,7,Palo_Alto,RandomForestRegressor,Ensemble,,0.8952997466929355,128.63342786522392,1654
90,7,Palo_Alto,NeuralNet,Ensemble,,0.8867154517309316,126.56384447484844,1654
91,7,Palo_Alto,RNN,Ensemble,,0.8957219251336899,159.86542412721246,1654
92,7,Palo_Alto,RidgeCV,Ensemble,,0.8926821558400506,141.95893868555834,2433
93,7,Palo_Alto,RandomForestRegressor,Ensemble,,0.9141773352299668,112.12656866653927,2433
94,7,Palo_Alto,NeuralNet,Ensemble,,0.8956851588430536,114.12707294894,2433
95,7,Palo_Alto,RNN,Ensemble,,0.9171803382329698,163.25088039434004,2433
96,8,Palo_Alto,RidgeCV,Ensemble,,0.8873668188736682,145.91794275908148,876
97,8,Palo_Alto,RandomForestRegressor,Ensemble,,0.8918061897513953,105.89225953849908,876
98,8,Palo_Alto,NeuralNet,Ensemble,,0.8930745814307458,136.43189555955573,876
99,8,Palo_Alto,RNN,Ensemble,,0.8947234906139016,154.27225162808992,876
100,8,Palo_Alto,RidgeCV,Ensemble,,0.8922037714607374,135.8026521282677,1654
101,8,Palo_Alto,RandomForestRegressor,Ensemble,,0.8919223191669012,127.68028208444076,1654
102,8,Palo_Alto,NeuralNet,Ensemble,,0.8843231072333241,124.341590722785,1654
103,8,Palo_Alto,RNN,Ensemble,,0.8958626512806079,160.06721184311252,1654
104,8,Palo_Alto,RidgeCV,Ensemble,,0.8817765133554607,143.26121268430163,2433
105,8,Palo_Alto,RandomForestRegressor,Ensemble,,0.9129129129129128,119.67748547112407,2433
106,8,Palo_Alto,NeuralNet,Ensemble,,0.8956851588430536,114.02671079675233,2433
107,8,Palo_Alto,RNN,Ensemble,,0.9171803382329698,163.20981740637174,2433
108,9,Palo_Alto,RidgeCV,Ensemble,,0.8897767630644343,147.66909815905169,876
109,9,Palo_Alto,RandomForestRegressor,Ensemble,,0.8905377980720447,109.04084804959395,876
110,9,Palo_Alto,NeuralNet,Ensemble,,0.8932014205986809,137.46623585225797,876
111,9,Palo_Alto,RNN,Ensemble,,0.8949771689497716,154.11770712213155,876
112,9,Palo_Alto,RidgeCV,Ensemble,,0.8919223191669012,135.54416758724088,1654
113,9,Palo_Alto,RandomForestRegressor,Ensemble,,0.8954404728398536,126.15071032029283,1654
114,9,Palo_Alto,NeuralNet,Ensemble,,0.8847452856740783,125.67670992275524,1654
115,9,Palo_Alto,RNN,Ensemble,,0.8957219251336899,159.7834753533991,1654
116,9,Palo_Alto,RidgeCV,Ensemble,,0.8849375691480955,142.77278246837838,2433
117,9,Palo_Alto,RandomForestRegressor,Ensemble,,0.9149675991781256,112.71988186884695,2433
118,9,Palo_Alto,NeuralNet,Ensemble,,0.8961593172119487,112.43203644874792,2433
119,9,Palo_Alto,RNN,Ensemble,,0.9173383910226016,163.23639938804922,2433
1,0,Palo_Alto,RidgeCV,ICP,,0.4633434804667682,85.93700555972599,876
2,0,Palo_Alto,RidgeCV,Weighted_ICP,,0.5192795535261289,100.93720183582592,876
4,0,Palo_Alto,RandomForestRegressor,ICP,,0.8458904109589042,90.21869918699957,876
5,0,Palo_Alto,RandomForestRegressor,Weighted_ICP,,0.8905377980720447,109.57894736842665,876
7,0,Palo_Alto,NeuralNet,ICP,,0.7270421106037545,48.33501815795898,876
8,0,Palo_Alto,NeuralNet,Weighted_ICP,,0.7290715372907154,46.68746566772461,876
10,0,Palo_Alto,RNN,ICP,,0.5857432775240995,18.48394012451172,876
11,0,Palo_Alto,RNN,Weighted_ICP,,0.6012176560121766,18.92317008972168,876
13,0,Palo_Alto,RidgeCV,ICP,,0.4793132564030397,97.93114073395792,1654
14,0,Palo_Alto,RidgeCV,Weighted_ICP,,0.5185758513931888,113.63406234382177,1654
16,0,Palo_Alto,RandomForestRegressor,ICP,,0.816493104418801,74.9548387096736,1654
17,0,Palo_Alto,RandomForestRegressor,Weighted_ICP,,0.8354911342527441,89.48923076922317,1654
19,0,Palo_Alto,NeuralNet,ICP,,0.7725865465803546,50.7813949584961,1654
20,0,Palo_Alto,NeuralNet,Weighted_ICP,,0.7506332676611315,45.14352416992188,1654
22,0,Palo_Alto,RNN,ICP,,0.6114551083591331,25.483293533325195,1654
23,0,Palo_Alto,RNN,Weighted_ICP,,0.6037151702786377,17.87308120727539,1654
25,0,Palo_Alto,RidgeCV,ICP,,0.5851114272166904,121.11359244351414,2433
26,0,Palo_Alto,RidgeCV,Weighted_ICP,,0.5346925873241662,119.54554455889509,2433
28,0,Palo_Alto,RandomForestRegressor,ICP,,0.9020072704283232,112.87266055044745,2433
29,0,Palo_Alto,RandomForestRegressor,Weighted_ICP,,0.9252410305041884,125.96511627908093,2433
31,0,Palo_Alto,NeuralNet,ICP,,0.847953216374269,67.1563720703125,2433
32,0,Palo_Alto,NeuralNet,Weighted_ICP,,0.8511142721669037,65.55493927001953,2433
34,0,Palo_Alto,RNN,ICP,,0.6053421842895527,26.048349380493164,2433
35,0,Palo_Alto,RNN,Weighted_ICP,,0.5993361782835467,23.04547500610352,2433
37,1,Palo_Alto,RidgeCV,ICP,,0.4923896499238965,86.9269633105812,876
38,1,Palo_Alto,RidgeCV,Weighted_ICP,,0.473997970573313,90.07240565610172,876
40,1,Palo_Alto,RandomForestRegressor,ICP,,0.8627600202942669,96.03283582091268,876
41,1,Palo_Alto,RandomForestRegressor,Weighted_ICP,,0.8324454591577879,80.39041248605322,876
43,1,Palo_Alto,NeuralNet,ICP,,0.702054794520548,45.49986267089844,876
44,1,Palo_Alto,NeuralNet,Weighted_ICP,,0.7506341958396753,56.000465393066406,876
46,1,Palo_Alto,RNN,ICP,,0.6137747336377474,27.31227684020996,876
47,1,Palo_Alto,RNN,Weighted_ICP,,0.5892947742262811,22.157629013061523,876
49,1,Palo_Alto,RidgeCV,ICP,,0.515902054601745,99.462535515885,1654
50,1,Palo_Alto,RidgeCV,Weighted_ICP,,0.5140726146918098,98.06519906489497,1654
52,1,Palo_Alto,RandomForestRegressor,ICP,,0.8229665071770335,82.92258064517408,1654
53,1,Palo_Alto,RandomForestRegressor,Weighted_ICP,,0.8505488319729806,88.02597623090178,1654
55,1,Palo_Alto,NeuralNet,ICP,,0.7786377708978328,50.42675018310547,1654
56,1,Palo_Alto,NeuralNet,Weighted_ICP,,0.7690683929074021,48.44716262817383,1654
58,1,Palo_Alto,RNN,ICP,,0.6272164368139599,23.74514579772949,1654
59,1,Palo_Alto,RNN,Weighted_ICP,,0.6754855052068675,28.83216667175293,1654
61,1,Palo_Alto,RidgeCV,ICP,,0.5904852220641694,127.61608574019142,2433
62,1,Palo_Alto,RidgeCV,Weighted_ICP,,0.5700964122016754,124.1336062747208,2433
64,1,Palo_Alto,RandomForestRegressor,ICP,,0.8978978978978979,121.85714285715194,2433
65,1,Palo_Alto,RandomForestRegressor,Weighted_ICP,,0.905642484589853,121.05860465116078,2433
67,1,Palo_Alto,NeuralNet,ICP,,0.923028291449344,336.7789611816406,2433
68,1,Palo_Alto,NeuralNet,Weighted_ICP,,0.9127548601232812,317.6173095703125,2433
70,1,Palo_Alto,RNN,ICP,,0.6428006954322744,27.995574951171875,2433
71,1,Palo_Alto,RNN,Weighted_ICP,,0.6325272641062115,28.14631462097168,2433
73,2,Palo_Alto,RidgeCV,ICP,,0.4616945712836124,89.76907575685955,876
74,2,Palo_Alto,RidgeCV,Weighted_ICP,,0.4704464738711314,87.38714366464636,876
76,2,Palo_Alto,RandomForestRegressor,ICP,,0.8971334348046677,102.37386363637066,876
77,2,Palo_Alto,RandomForestRegressor,Weighted_ICP,,0.8273718924403856,81.80722891566387,876
79,2,Palo_Alto,NeuralNet,ICP,,0.7134703196347032,44.4398307800293,876
80,2,Palo_Alto,NeuralNet,Weighted_ICP,,0.7259005580923389,45.249290466308594,876
82,2,Palo_Alto,RNN,ICP,,0.5958904109589042,20.173465728759766,876
83,2,Palo_Alto,RNN,Weighted_ICP,,0.6509386098427195,27.030118942260746,876
85,2,Palo_Alto,RidgeCV,ICP,,0.5326484660849986,98.62841692101229,1654
86,2,Palo_Alto,RidgeCV,Weighted_ICP,,0.5258936110329299,105.31363898791788,1654
88,2,Palo_Alto,RandomForestRegressor,ICP,,0.8345060512243174,83.95409836065451,1654
89,2,Palo_Alto,RandomForestRegressor,Weighted_ICP,,0.8046721080776809,73.85074626865047,1654
91,2,Palo_Alto,NeuralNet,ICP,,0.7680833098789756,48.97771835327149,1654
92,2,Palo_Alto,NeuralNet,Weighted_ICP,,0.8094567970728962,59.1158561706543,1654
94,2,Palo_Alto,RNN,ICP,,0.5965381367858148,23.00876235961914,1654
95,2,Palo_Alto,RNN,Weighted_ICP,,0.6001970166056854,26.795595169067386,1654
97,2,Palo_Alto,RidgeCV,ICP,,0.5538169748696065,127.26283354164394,2433
98,2,Palo_Alto,RidgeCV,Weighted_ICP,,0.6140350877192983,128.6012805989387,2433
100,2,Palo_Alto,RandomForestRegressor,ICP,,0.905642484589853,136.2054043803717,2433
101,2,Palo_Alto,RandomForestRegressor,Weighted_ICP,,0.905010273431326,122.11752577320722,2433
103,2,Palo_Alto,NeuralNet,ICP,,0.8367314683104157,57.00004577636719,2433
104,2,Palo_Alto,NeuralNet,Weighted_ICP,,0.8941046309467362,80.37450408935547,2433
106,2,Palo_Alto,RNN,ICP,,0.6477003319108582,24.567523956298828,2433
107,2,Palo_Alto,RNN,Weighted_ICP,,0.6524419155998104,27.662092208862305,2433
109,3,Palo_Alto,RidgeCV,ICP,,0.4571283612379503,86.7358550104573,876
110,3,Palo_Alto,RidgeCV,Weighted_ICP,,0.4994926433282598,94.62248917940072,876
112,3,Palo_Alto,RandomForestRegressor,ICP,,0.8480466768138001,96.40000000001385,876
113,3,Palo_Alto,RandomForestRegressor,Weighted_ICP,,0.8354895991882293,87.65411764705911,876
115,3,Palo_Alto,NeuralNet,ICP,,0.7669964485032978,53.21825408935547,876
116,3,Palo_Alto,NeuralNet,Weighted_ICP,,0.7369355657026891,45.50017166137695,876
118,3,Palo_Alto,RNN,ICP,,0.582572298325723,19.618694305419922,876
119,3,Palo_Alto,RNN,Weighted_ICP,,0.5735667174023339,16.632783889770508,876
121,3,Palo_Alto,RidgeCV,ICP,,0.4790318041092035,98.41163247393034,1654
122,3,Palo_Alto,RidgeCV,Weighted_ICP,,0.5249085280045033,100.67861321367316,1654
124,3,Palo_Alto,RandomForestRegressor,ICP,,0.7997466929355475,64.96161616162469,1654
125,3,Palo_Alto,RandomForestRegressor,Weighted_ICP,,0.8330987897551365,83.50776798523547,1654
127,3,Palo_Alto,NeuralNet,ICP,,0.6937799043062199,35.41006851196289,1654
128,3,Palo_Alto,NeuralNet,Weighted_ICP,,0.7375457359977484,45.56233596801758,1654
130,3,Palo_Alto,RNN,ICP,,0.6355192794821278,33.51461410522461,1654
131,3,Palo_Alto,RNN,Weighted_ICP,,0.6583169152828595,25.5267333984375,1654
133,3,Palo_Alto,RidgeCV,ICP,,0.5672514619883041,131.35387656942473,2433
134,3,Palo_Alto,RidgeCV,Weighted_ICP,,0.5808440018966334,126.6983164030451,2433
136,3,Palo_Alto,RandomForestRegressor,ICP,,0.9054844318002212,119.91886792452124,2433
137,3,Palo_Alto,RandomForestRegressor,Weighted_ICP,,0.911016279437332,133.25434782609378,2433
139,3,Palo_Alto,NeuralNet,ICP,,0.8685000790263948,71.43738555908203,2433
140,3,Palo_Alto,NeuralNet,Weighted_ICP,,0.8677098150782361,70.59318542480469,2433
142,3,Palo_Alto,RNN,ICP,,0.6260470997313102,29.11492919921875,2433
143,3,Palo_Alto,RNN,Weighted_ICP,,0.6181444602497234,23.35906410217285,2433
145,4,Palo_Alto,RidgeCV,ICP,,0.4865550481988838,99.20693838014269,876
146,4,Palo_Alto,RidgeCV,Weighted_ICP,,0.4681633688483003,89.31843070860228,876
148,4,Palo_Alto,RandomForestRegressor,ICP,,0.9079147640791476,129.9157894736854,876
149,4,Palo_Alto,RandomForestRegressor,Weighted_ICP,,0.8942161339421614,109.5041666666578,876
151,4,Palo_Alto,NeuralNet,ICP,,0.6445966514459666,32.909255981445305,876
152,4,Palo_Alto,NeuralNet,Weighted_ICP,,0.7034500253678336,44.90336227416992,876
154,4,Palo_Alto,RNN,ICP,,0.5602486047691527,13.502291679382324,876
155,4,Palo_Alto,RNN,Weighted_ICP,,0.5657026889903602,17.68052864074707,876
157,4,Palo_Alto,RidgeCV,ICP,,0.4794539825499578,101.8473552243107,1654
158,4,Palo_Alto,RidgeCV,Weighted_ICP,,0.5187165775401069,101.64236925139076,1654
160,4,Palo_Alto,RandomForestRegressor,ICP,,0.8183225443287363,84.44963503650997,1654
161,4,Palo_Alto,RandomForestRegressor,Weighted_ICP,,0.8205741626794258,79.05163222521784,1654
163,4,Palo_Alto,NeuralNet,ICP,,0.7495074584857867,47.028770446777344,1654
164,4,Palo_Alto,NeuralNet,Weighted_ICP,,0.7419082465522094,42.07603073120117,1654
166,4,Palo_Alto,RNN,ICP,,0.6139881790036589,21.241138458251953,1654
167,4,Palo_Alto,RNN,Weighted_ICP,,0.6110329299183789,22.494874954223636,1654
169,4,Palo_Alto,RidgeCV,ICP,,0.6238343606764659,134.90370601546428,2433
170,4,Palo_Alto,RidgeCV,Weighted_ICP,,0.5802117907381066,129.32474175364234,2433
172,4,Palo_Alto,RandomForestRegressor,ICP,,0.9061166429587484,128.88205128206155,2433
173,4,Palo_Alto,RandomForestRegressor,Weighted_ICP,,0.9078552236446972,123.51376146788428,2433
175,4,Palo_Alto,NeuralNet,ICP,,0.8814604077761973,69.31250762939453,2433
176,4,Palo_Alto,NeuralNet,Weighted_ICP,,0.859333017227754,61.82038879394531,2433
178,4,Palo_Alto,RNN,ICP,,0.6184605658289869,25.353090286254886,2433
179,4,Palo_Alto,RNN,Weighted_ICP,,0.7215109846688794,41.64439010620117,2433
181,5,Palo_Alto,RidgeCV,ICP,,0.5139523084728564,93.762242490542,876
182,5,Palo_Alto,RidgeCV,Weighted_ICP,,0.4974632166412988,90.44536504043606,876
184,5,Palo_Alto,RandomForestRegressor,ICP,,0.8207762557077626,73.57481481482839,876
185,5,Palo_Alto,RandomForestRegressor,Weighted_ICP,,0.8945966514459666,102.02941176469965,876
187,5,Palo_Alto,NeuralNet,ICP,,0.7475900558092339,54.89904022216797,876
188,5,Palo_Alto,NeuralNet,Weighted_ICP,,0.7255200405885337,50.5024528503418,876
190,5,Palo_Alto,RNN,ICP,,0.6010908168442415,25.269723892211914,876
191,5,Palo_Alto,RNN,Weighted_ICP,,0.6060375443937088,22.51590156555176,876
193,5,Palo_Alto,RidgeCV,ICP,,0.5005629045876724,105.43012860766407,1654
194,5,Palo_Alto,RidgeCV,Weighted_ICP,,0.50295524908528,99.37472147851123,1654
196,5,Palo_Alto,RandomForestRegressor,ICP,,0.8246552209400506,75.40856707980583,1654
197,5,Palo_Alto,RandomForestRegressor,Weighted_ICP,,0.8428088938924853,85.9990610328588,1654
199,5,Palo_Alto,NeuralNet,ICP,,0.7371235575569941,39.718692779541016,1654
200,5,Palo_Alto,NeuralNet,Weighted_ICP,,0.7630171685899241,48.52177429199219,1654
202,5,Palo_Alto,RNN,ICP,,0.588094567970729,20.37674140930176,1654
203,5,Palo_Alto,RNN,Weighted_ICP,,0.5705037996059668,17.9359130859375,1654
205,5,Palo_Alto,RidgeCV,ICP,,0.5666192508297772,128.62251064193157,2433
206,5,Palo_Alto,RidgeCV,Weighted_ICP,,0.6252568357831516,127.26406785171308,2433
208,5,Palo_Alto,RandomForestRegressor,ICP,,0.8947368421052632,119.60264116575293,2433
209,5,Palo_Alto,RandomForestRegressor,Weighted_ICP,,0.9046941678520626,113.59798994974705,2433
211,5,Palo_Alto,NeuralNet,ICP,,0.8133396554449186,53.09608459472656,2433
212,5,Palo_Alto,NeuralNet,Weighted_ICP,,0.847953216374269,67.06307983398439,2433
214,5,Palo_Alto,RNN,ICP,,0.6913229018492176,44.26441192626953,2433
215,5,Palo_Alto,RNN,Weighted_ICP,,0.656867393709499,36.313392639160156,2433
217,6,Palo_Alto,RidgeCV,ICP,,0.5144596651445966,108.02338879427181,876
218,6,Palo_Alto,RidgeCV,Weighted_ICP,,0.4670218163368848,91.29726565000351,876
220,6,Palo_Alto,RandomForestRegressor,ICP,,0.8940892947742263,103.1691256830535,876
221,6,Palo_Alto,RandomForestRegressor,Weighted_ICP,,0.8850837138508372,92.95833333333886,876
223,6,Palo_Alto,NeuralNet,ICP,,0.6878488077118214,37.87434768676758,876
224,6,Palo_Alto,NeuralNet,Weighted_ICP,,0.7734652460679858,59.11634826660156,876
226,6,Palo_Alto,RNN,ICP,,0.6017250126839168,19.9326114654541,876
227,6,Palo_Alto,RNN,Weighted_ICP,,0.5781329274479959,16.42138671875,876
229,6,Palo_Alto,RidgeCV,ICP,,0.4866310160427808,101.18028449803518,1654
230,6,Palo_Alto,RidgeCV,Weighted_ICP,,0.5099915564311849,105.65421974227276,1654
232,6,Palo_Alto,RandomForestRegressor,ICP,,0.8056571911061076,66.45454545454174,1654
233,6,Palo_Alto,RandomForestRegressor,Weighted_ICP,,0.8198705319448354,80.3250029359986,1654
235,6,Palo_Alto,NeuralNet,ICP,,0.7728679988741908,48.64457702636719,1654
236,6,Palo_Alto,NeuralNet,Weighted_ICP,,0.7481001970166057,41.95570755004883,1654
238,6,Palo_Alto,RNN,ICP,,0.5790880945679707,18.50193977355957,1654
239,6,Palo_Alto,RNN,Weighted_ICP,,0.5872502110892204,22.5625,1654
241,6,Palo_Alto,RidgeCV,ICP,,0.5675675675675675,129.47694410316657,2433
242,6,Palo_Alto,RidgeCV,Weighted_ICP,,0.5424371740161213,121.00575644441182,2433
244,6,Palo_Alto,RandomForestRegressor,ICP,,0.9197091828670776,122.47025380711193,2433
245,6,Palo_Alto,RandomForestRegressor,Weighted_ICP,,0.9097518571202782,116.04791666667991,2433
247,6,Palo_Alto,NeuralNet,ICP,,0.8847795163584637,76.41432189941406,2433
248,6,Palo_Alto,NeuralNet,Weighted_ICP,,0.8528528528528528,64.09387969970703,2433
250,6,Palo_Alto,RNN,ICP,,0.6292081555239449,30.11447715759277,2433
251,6,Palo_Alto,RNN,Weighted_ICP,,0.6552868658131816,28.21739196777344,2433
253,7,Palo_Alto,RidgeCV,ICP,,0.4550989345509893,86.44891150853478,876
254,7,Palo_Alto,RidgeCV,Weighted_ICP,,0.4842719431760528,98.19365168258273,876
256,7,Palo_Alto,RandomForestRegressor,ICP,,0.8503297818366311,97.78048780489657,876
257,7,Palo_Alto,RandomForestRegressor,Weighted_ICP,,0.8340943683409436,91.72151898733215,876
259,7,Palo_Alto,NeuralNet,ICP,,0.7426433282597666,50.91442108154297,876
260,7,Palo_Alto,NeuralNet,Weighted_ICP,,0.7721968543886352,58.50218963623047,876
262,7,Palo_Alto,RNN,ICP,,0.5944951801116185,16.294984817504886,876
263,7,Palo_Alto,RNN,Weighted_ICP,,0.5729325215626585,13.95369815826416,876
265,7,Palo_Alto,RidgeCV,ICP,,0.5123839009287926,96.78921923534723,1654
266,7,Palo_Alto,RidgeCV,Weighted_ICP,,0.5108359133126935,97.09556290022738,1654
268,7,Palo_Alto,RandomForestRegressor,ICP,,0.846749226006192,88.65882352941341,1654
269,7,Palo_Alto,RandomForestRegressor,Weighted_ICP,,0.8411201801294681,80.46389310659715,1654
271,7,Palo_Alto,NeuralNet,ICP,,0.7426118772867999,42.34709930419922,1654
272,7,Palo_Alto,NeuralNet,Weighted_ICP,,0.8018575851393189,52.74111938476562,1654
274,7,Palo_Alto,RNN,ICP,,0.6132845482690684,24.65179443359375,1654
275,7,Palo_Alto,RNN,Weighted_ICP,,0.6084998592738531,22.32973289489746,1654
277,7,Palo_Alto,RidgeCV,ICP,,0.6103998735577683,126.52186861505257,2433
278,7,Palo_Alto,RidgeCV,Weighted_ICP,,0.5779990516832622,124.5565030216317,2433
280,7,Palo_Alto,RandomForestRegressor,ICP,,0.8596491228070176,159.86759717317085,2433
281,7,Palo_Alto,RandomForestRegressor,Weighted_ICP,,0.912280701754386,116.5,2433
283,7,Palo_Alto,NeuralNet,ICP,,0.8542753279595385,66.53900146484375,2433
284,7,Palo_Alto,NeuralNet,Weighted_ICP,,0.8068594910700174,49.40604782104492,2433
286,7,Palo_Alto,RNN,ICP,,0.615931721194879,26.55173683166504,2433
287,7,Palo_Alto,RNN,Weighted_ICP,,0.632211158526948,25.24389457702637,2433
289,8,Palo_Alto,RidgeCV,ICP,,0.5082445459157788,105.62257684269585,876
290,8,Palo_Alto,RidgeCV,Weighted_ICP,,0.491248097412481,94.1347197506497,876
292,8,Palo_Alto,RandomForestRegressor,ICP,,0.8438609842719432,99.60404040405164,876
293,8,Palo_Alto,RandomForestRegressor,Weighted_ICP,,0.8136732623033993,81.16954838709533,876
295,8,Palo_Alto,NeuralNet,ICP,,0.7357940131912735,54.33463668823242,876
296,8,Palo_Alto,NeuralNet,Weighted_ICP,,0.6799847792998478,41.12424850463867,876
298,8,Palo_Alto,RNN,ICP,,0.5508625063419584,12.950654983520508,876
299,8,Palo_Alto,RNN,Weighted_ICP,,0.5804160324708271,17.59339714050293,876
301,8,Palo_Alto,RidgeCV,ICP,,0.5132282578103011,99.4963713327563,1654
302,8,Palo_Alto,RidgeCV,Weighted_ICP,,0.5106951871657754,108.14608228287136,1654
304,8,Palo_Alto,RandomForestRegressor,ICP,,0.8591331269349846,98.90344827587029,1654
305,8,Palo_Alto,RandomForestRegressor,Weighted_ICP,,0.8046721080776809,70.38417765440049,1654
307,8,Palo_Alto,NeuralNet,ICP,,0.7858148043906558,53.14552688598633,1654
308,8,Palo_Alto,NeuralNet,Weighted_ICP,,0.7873627920067549,49.45709609985352,1654
310,8,Palo_Alto,RNN,ICP,,0.599634112018013,20.905845642089844,1654
311,8,Palo_Alto,RNN,Weighted_ICP,,0.6301716858992401,23.287342071533203,1654
313,8,Palo_Alto,RidgeCV,ICP,,0.5775248933143671,121.48688379841856,2433
314,8,Palo_Alto,RidgeCV,Weighted_ICP,,0.6091354512407144,130.41229920309522,2433
316,8,Palo_Alto,RandomForestRegressor,ICP,,0.9076971708550656,103.01385749386658,2433
317,8,Palo_Alto,RandomForestRegressor,Weighted_ICP,,0.9051683262209578,120.42941176471469,2433
319,8,Palo_Alto,NeuralNet,ICP,,0.8583847004899636,64.25251770019531,2433
320,8,Palo_Alto,NeuralNet,Weighted_ICP,,0.8743480322427691,69.78823852539061,2433
322,8,Palo_Alto,RNN,ICP,,0.6404299035877983,29.760440826416016,2433
323,8,Palo_Alto,RNN,Weighted_ICP,,0.6829461039987356,43.0002326965332,2433
325,9,Palo_Alto,RidgeCV,ICP,,0.4814814814814815,90.04409581597645,876
326,9,Palo_Alto,RidgeCV,Weighted_ICP,,0.4727295788939624,95.4357164643007,876
328,9,Palo_Alto,RandomForestRegressor,ICP,,0.889142567224759,96.428974358957,876
329,9,Palo_Alto,RandomForestRegressor,Weighted_ICP,,0.8405631659056316,92.29885057472352,876
331,9,Palo_Alto,NeuralNet,ICP,,0.663115169964485,34.27747344970703,876
332,9,Palo_Alto,NeuralNet,Weighted_ICP,,0.7511415525114156,53.96107482910156,876
334,9,Palo_Alto,RNN,ICP,,0.5280314561136479,15.47357940673828,876
335,9,Palo_Alto,RNN,Weighted_ICP,,0.5221968543886352,13.614914894104006,876
337,9,Palo_Alto,RidgeCV,ICP,,0.5111173656065297,103.09220051869957,1654
338,9,Palo_Alto,RidgeCV,Weighted_ICP,,0.4967632986208838,101.64879495801868,1654
340,9,Palo_Alto,RandomForestRegressor,ICP,,0.8095975232198143,73.5848829933675,1654
341,9,Palo_Alto,RandomForestRegressor,Weighted_ICP,,0.8376020264565156,80.13444040824487,1654
343,9,Palo_Alto,NeuralNet,ICP,,0.8114269631297495,57.34449005126953,1654
344,9,Palo_Alto,NeuralNet,Weighted_ICP,,0.8115676892766676,58.61750030517578,1654
346,9,Palo_Alto,RNN,ICP,,0.6708415423585702,31.63955116271973,1654
347,9,Palo_Alto,RNN,Weighted_ICP,,0.6439628482972136,25.60480880737305,1654
349,9,Palo_Alto,RidgeCV,ICP,,0.5569780306622412,124.27852338145838,2433
350,9,Palo_Alto,RidgeCV,Weighted_ICP,,0.5683578315157263,129.62384641837792,2433
352,9,Palo_Alto,RandomForestRegressor,ICP,,0.9012170064801645,116.34773869346826,2433
353,9,Palo_Alto,RandomForestRegressor,Weighted_ICP,,0.908645487592856,112.72816994645544,2433
355,9,Palo_Alto,NeuralNet,ICP,,0.8680259206574996,69.78139495849611,2433
356,9,Palo_Alto,NeuralNet,Weighted_ICP,,0.8566461198040145,66.36573791503906,2433
358,9,Palo_Alto,RNN,ICP,,0.6219377272008851,26.87490653991699,2433
359,9,Palo_Alto,RNN,Weighted_ICP,,0.6137189821400347,23.39623832702637,2433
