index,itrial,dataname,muh_fun,method,alpha,coverage,width
0,0,San_Mateo,RidgeCV,Ensemble,0.05,0.9436358447488584,311.8304570351765
1,0,San_Mateo,RidgeCV,ICP,0.05,0.7756849315068494,145.8414403710031
2,0,San_Mateo,RidgeCV,Weighted_ICP,0.05,0.7200342465753424,150.13099566209019
3,0,San_Mateo,RandomForestRegressor,Ensemble,0.05,0.9523401826484018,228.87214805123776
4,0,San_Mateo,RandomForestRegressor,ICP,0.05,0.8911244292237442,137.4416058394128
5,0,San_Mateo,RandomForestRegressor,Weighted_ICP,0.05,0.9002568493150684,147.4326241134896
6,0,San_Mateo,Sequential,Ensemble,0.05,0.9387842465753424,159.7434061856016
7,0,San_Mateo,Sequential,ICP,0.05,0.8359018264840182,72.16244506835938
8,0,San_Mateo,Sequential,Weighted_ICP,0.05,0.8467465753424658,76.41275024414062
9,0,San_Mateo,RNN,Ensemble,0.05,0.9293664383561644,192.19520216018142
10,0,San_Mateo,RNN,ICP,0.05,0.6332762557077626,42.0633659362793
11,0,San_Mateo,RNN,Weighted_ICP,0.05,0.6740867579908676,34.27719116210937
12,0,San_Mateo,RidgeCV,Ensemble,0.1,0.8834189497716894,250.65257995491245
13,0,San_Mateo,RidgeCV,ICP,0.1,0.641837899543379,110.53885913395835
14,0,San_Mateo,RidgeCV,Weighted_ICP,0.1,0.5811929223744292,111.45030617769147
15,0,San_Mateo,RandomForestRegressor,Ensemble,0.1,0.9019691780821918,151.5449827252692
16,0,San_Mateo,RandomForestRegressor,ICP,0.1,0.8251997716894978,80.66699961583494
17,0,San_Mateo,RandomForestRegressor,Weighted_ICP,0.1,0.8304794520547946,88.45390070921484
18,0,San_Mateo,Sequential,Ensemble,0.1,0.8851312785388128,137.3628372843874
19,0,San_Mateo,Sequential,ICP,0.1,0.7136130136986302,37.97240829467773
20,0,San_Mateo,Sequential,Weighted_ICP,0.1,0.7915239726027398,60.07208633422852
21,0,San_Mateo,RNN,Ensemble,0.1,0.8862728310502284,142.49099011080332
22,0,San_Mateo,RNN,ICP,0.1,0.6015981735159818,22.09414291381836
23,0,San_Mateo,RNN,Weighted_ICP,0.1,0.5978881278538812,20.43210792541504
24,0,San_Mateo,RidgeCV,Ensemble,0.15000000000000002,0.8319063926940641,213.85771807931079
25,0,San_Mateo,RidgeCV,ICP,0.15000000000000002,0.5512271689497716,90.60369311867773
26,0,San_Mateo,RidgeCV,Weighted_ICP,0.15000000000000002,0.5108447488584474,93.24564208164591
27,0,San_Mateo,RandomForestRegressor,Ensemble,0.15000000000000002,0.8460331050228309,102.9136220491055
28,0,San_Mateo,RandomForestRegressor,ICP,0.15000000000000002,0.754851598173516,52.0
29,0,San_Mateo,RandomForestRegressor,Weighted_ICP,0.15000000000000002,0.7495719178082192,53.66713947990569
30,0,San_Mateo,Sequential,Ensemble,0.15000000000000002,0.8464611872146118,94.20781408131369
31,0,San_Mateo,Sequential,ICP,0.15000000000000002,0.7371575342465754,39.92634582519531
32,0,San_Mateo,Sequential,Weighted_ICP,0.15000000000000002,0.6785102739726028,30.207733154296875
33,0,San_Mateo,RNN,Ensemble,0.15000000000000002,0.8430365296803652,108.89147125377045
34,0,San_Mateo,RNN,ICP,0.15000000000000002,0.579337899543379,19.4683895111084
35,0,San_Mateo,RNN,Weighted_ICP,0.15000000000000002,0.5803367579908676,19.181339263916016
36,0,San_Mateo,RidgeCV,Ensemble,0.2,0.7783961187214612,186.6604942180373
37,0,San_Mateo,RidgeCV,ICP,0.2,0.4863013698630137,77.00292943553198
38,0,San_Mateo,RidgeCV,Weighted_ICP,0.2,0.4504851598173516,79.31885708060845
39,0,San_Mateo,RandomForestRegressor,Ensemble,0.2,0.7939497716894978,72.33515309146888
40,0,San_Mateo,RandomForestRegressor,ICP,0.2,0.7013413242009132,38.0
41,0,San_Mateo,RandomForestRegressor,Weighted_ICP,0.2,0.6924942922374431,38.325768321517955
42,0,San_Mateo,Sequential,Ensemble,0.2,0.8037956621004566,78.3929590872088
43,0,San_Mateo,Sequential,ICP,0.2,0.7030536529680366,33.718544006347656
44,0,San_Mateo,Sequential,Weighted_ICP,0.2,0.7303082191780822,40.45773315429688
45,0,San_Mateo,RNN,Ensemble,0.2,0.7896689497716894,77.26965652197048
46,0,San_Mateo,RNN,ICP,0.2,0.5729166666666666,14.794404983520508
47,0,San_Mateo,RNN,Weighted_ICP,0.2,0.5719178082191779,13.022770881652832
48,0,San_Mateo,RidgeCV,Ensemble,0.25,0.7243150684931506,164.92483224374266
49,0,San_Mateo,RidgeCV,ICP,0.25,0.4363584474885845,67.13431634125293
50,0,San_Mateo,RidgeCV,Weighted_ICP,0.25,0.4046803652968037,69.71600986010179
51,0,San_Mateo,RandomForestRegressor,Ensemble,0.25,0.7465753424657534,53.54213083440089
52,0,San_Mateo,RandomForestRegressor,ICP,0.25,0.6415525114155252,27.557894736846105
53,0,San_Mateo,RandomForestRegressor,Weighted_ICP,0.25,0.6341324200913242,26.799341358164753
54,0,San_Mateo,Sequential,Ensemble,0.25,0.7528538812785388,64.37214336546377
55,0,San_Mateo,Sequential,ICP,0.25,0.6719463470319634,26.010276794433594
56,0,San_Mateo,Sequential,Weighted_ICP,0.25,0.6807933789954338,27.93743705749512
57,0,San_Mateo,RNN,Ensemble,0.25,0.742722602739726,61.14902214493614
58,0,San_Mateo,RNN,ICP,0.25,0.5380993150684932,12.892915725708008
59,0,San_Mateo,RNN,Weighted_ICP,0.25,0.5371004566210046,13.538397789001465
60,1,San_Mateo,RidgeCV,Ensemble,0.05,0.9416381278538812,326.3789701330785
61,1,San_Mateo,RidgeCV,ICP,0.05,0.7288812785388128,145.87264956636443
62,1,San_Mateo,RidgeCV,Weighted_ICP,0.05,0.7591324200913242,155.22726277771406
63,1,San_Mateo,RandomForestRegressor,Ensemble,0.05,0.9523401826484018,231.2970608045214
64,1,San_Mateo,RandomForestRegressor,ICP,0.05,0.8951198630136986,138.23622047246127
65,1,San_Mateo,RandomForestRegressor,Weighted_ICP,0.05,0.8839897260273972,131.03636363637435
66,1,San_Mateo,Sequential,Ensemble,0.05,0.9403538812785388,180.35275733968726
67,1,San_Mateo,Sequential,ICP,0.05,0.8574486301369864,78.93794250488281
68,1,San_Mateo,Sequential,Weighted_ICP,0.05,0.8548801369863014,84.06108093261719
69,1,San_Mateo,RNN,Ensemble,0.05,0.9337899543378996,217.54097759960015
70,1,San_Mateo,RNN,ICP,0.05,0.6619577625570776,33.766700744628906
71,1,San_Mateo,RNN,Weighted_ICP,0.05,0.6712328767123288,36.34298324584961
72,1,San_Mateo,RidgeCV,Ensemble,0.1,0.8825627853881278,260.99437049301656
73,1,San_Mateo,RidgeCV,ICP,0.1,0.6118721461187214,110.42785102931448
74,1,San_Mateo,RidgeCV,Weighted_ICP,0.1,0.6094463470319634,108.57288358371414
75,1,San_Mateo,RandomForestRegressor,Ensemble,0.1,0.9032534246575342,155.44987656966308
76,1,San_Mateo,RandomForestRegressor,ICP,0.1,0.8336187214611872,83.5917944467443
77,1,San_Mateo,RandomForestRegressor,Weighted_ICP,0.1,0.8134988584474886,73.07272727273849
78,1,San_Mateo,Sequential,Ensemble,0.1,0.8954052511415526,131.4675146942116
79,1,San_Mateo,Sequential,ICP,0.1,0.7773972602739726,56.03190231323242
80,1,San_Mateo,Sequential,Weighted_ICP,0.1,0.7862442922374431,59.56434631347656
81,1,San_Mateo,RNN,Ensemble,0.1,0.8828481735159818,151.2186611668926
82,1,San_Mateo,RNN,ICP,0.1,0.6001712328767124,23.70314598083496
83,1,San_Mateo,RNN,Weighted_ICP,0.1,0.5924657534246576,20.196332931518555
84,1,San_Mateo,RidgeCV,Ensemble,0.15000000000000002,0.8304794520547946,221.66764929763832
85,1,San_Mateo,RidgeCV,ICP,0.15000000000000002,0.524115296803653,89.49015024218035
86,1,San_Mateo,RidgeCV,Weighted_ICP,0.15000000000000002,0.5379566210045662,91.43816965717262
87,1,San_Mateo,RandomForestRegressor,Ensemble,0.15000000000000002,0.8448915525114156,105.47022708210967
88,1,San_Mateo,RandomForestRegressor,ICP,0.15000000000000002,0.7659817351598174,55.02713178294621
89,1,San_Mateo,RandomForestRegressor,Weighted_ICP,0.15000000000000002,0.7537100456621004,51.15723270439882
90,1,San_Mateo,Sequential,Ensemble,0.15000000000000002,0.8487442922374431,100.3156891251805
91,1,San_Mateo,Sequential,ICP,0.15000000000000002,0.7731164383561644,46.78105545043945
92,1,San_Mateo,Sequential,Weighted_ICP,0.15000000000000002,0.6977739726027398,34.153026580810554
93,1,San_Mateo,RNN,Ensemble,0.15000000000000002,0.8410388127853882,119.10297796321596
94,1,San_Mateo,RNN,ICP,0.15000000000000002,0.5660673515981736,16.517744064331055
95,1,San_Mateo,RNN,Weighted_ICP,0.15000000000000002,0.5706335616438356,14.757659912109375
96,1,San_Mateo,RidgeCV,Ensemble,0.2,0.7783961187214612,192.5110739737587
97,1,San_Mateo,RidgeCV,ICP,0.2,0.4815924657534247,79.48303056236166
98,1,San_Mateo,RidgeCV,Weighted_ICP,0.2,0.4865867579908676,79.98680495518674
99,1,San_Mateo,RandomForestRegressor,Ensemble,0.2,0.7923801369863014,74.53403064243795
100,1,San_Mateo,RandomForestRegressor,ICP,0.2,0.7163242009132421,40.236220472435754
101,1,San_Mateo,RandomForestRegressor,Weighted_ICP,0.2,0.6850742009132421,35.23149146451033
102,1,San_Mateo,Sequential,Ensemble,0.2,0.7956621004566209,71.67174627358278
103,1,San_Mateo,Sequential,ICP,0.2,0.7171803652968036,32.597118377685554
104,1,San_Mateo,Sequential,Weighted_ICP,0.2,0.7034817351598174,29.28093719482422
105,1,San_Mateo,RNN,Ensemble,0.2,0.7841038812785388,84.92881155620374
106,1,San_Mateo,RNN,ICP,0.2,0.5472317351598174,13.492059707641602
107,1,San_Mateo,RNN,Weighted_ICP,0.2,0.5547945205479452,14.234244346618652
108,1,San_Mateo,RidgeCV,Ensemble,0.25,0.7243150684931506,169.48177078289947
109,1,San_Mateo,RidgeCV,ICP,0.25,0.4489155251141553,73.18109276267583
110,1,San_Mateo,RidgeCV,Weighted_ICP,0.25,0.4456335616438356,70.96510251611106
111,1,San_Mateo,RandomForestRegressor,Ensemble,0.25,0.7480022831050228,54.67096626113713
112,1,San_Mateo,RandomForestRegressor,ICP,0.25,0.649115296803653,27.763779527563486
113,1,San_Mateo,RandomForestRegressor,Weighted_ICP,0.25,0.6322773972602739,26.752164502162966
114,1,San_Mateo,Sequential,Ensemble,0.25,0.7518550228310502,54.23991096500468
115,1,San_Mateo,Sequential,ICP,0.25,0.6742294520547946,26.285675048828125
116,1,San_Mateo,Sequential,Weighted_ICP,0.25,0.677654109589041,27.17189979553223
117,1,San_Mateo,RNN,Ensemble,0.25,0.7472888127853882,64.65777760072622
118,1,San_Mateo,RNN,ICP,0.25,0.5415239726027398,11.225911140441896
119,1,San_Mateo,RNN,Weighted_ICP,0.25,0.5420947488584474,11.735140800476074
120,2,San_Mateo,RidgeCV,Ensemble,0.05,0.9437785388127854,319.4123654695025
121,2,San_Mateo,RidgeCV,ICP,0.05,0.6652397260273972,140.51516016398236
122,2,San_Mateo,RidgeCV,Weighted_ICP,0.05,0.7110445205479452,154.67461192258062
123,2,San_Mateo,RandomForestRegressor,Ensemble,0.05,0.9529109589041096,227.13202779544682
124,2,San_Mateo,RandomForestRegressor,ICP,0.05,0.8971175799086758,147.06382978721598
125,2,San_Mateo,RandomForestRegressor,Weighted_ICP,0.05,0.9051084474885844,156.18400000000216
126,2,San_Mateo,Sequential,Ensemble,0.05,0.9359303652968036,180.7332054569809
127,2,San_Mateo,Sequential,ICP,0.05,0.7968036529680366,60.06982803344727
128,2,San_Mateo,Sequential,Weighted_ICP,0.05,0.8781392694063926,99.3705825805664
129,2,San_Mateo,RNN,Ensemble,0.05,0.9333618721461188,192.3340904245686
130,2,San_Mateo,RNN,ICP,0.05,0.6601027397260274,34.14084243774414
131,2,San_Mateo,RNN,Weighted_ICP,0.05,0.6408390410958904,37.4218978881836
132,2,San_Mateo,RidgeCV,Ensemble,0.1,0.882277397260274,256.3591100679365
133,2,San_Mateo,RidgeCV,ICP,0.1,0.5642123287671232,110.3128951730604
134,2,San_Mateo,RidgeCV,Weighted_ICP,0.1,0.5763413242009132,110.32323381083599
135,2,San_Mateo,RandomForestRegressor,Ensemble,0.1,0.9021118721461188,151.30524186643558
136,2,San_Mateo,RandomForestRegressor,ICP,0.1,0.8263413242009132,86.0
137,2,San_Mateo,RandomForestRegressor,Weighted_ICP,0.1,0.8434646118721462,93.98400000000879
138,2,San_Mateo,Sequential,Ensemble,0.1,0.8922659817351598,131.92095032946506
139,2,San_Mateo,Sequential,ICP,0.1,0.7559931506849316,47.23054122924805
140,2,San_Mateo,Sequential,Weighted_ICP,0.1,0.7638413242009132,50.0319709777832
141,2,San_Mateo,RNN,Ensemble,0.1,0.8871289954337901,143.42772283547052
142,2,San_Mateo,RNN,ICP,0.1,0.6045947488584474,22.12497329711914
143,2,San_Mateo,RNN,Weighted_ICP,0.1,0.6378424657534246,29.386587142944336
144,2,San_Mateo,RidgeCV,Ensemble,0.15000000000000002,0.8303367579908676,218.54079809994323
145,2,San_Mateo,RidgeCV,ICP,0.15000000000000002,0.5164098173515982,96.93938320332455
146,2,San_Mateo,RidgeCV,Weighted_ICP,0.15000000000000002,0.5042808219178082,92.35788544600544
147,2,San_Mateo,RandomForestRegressor,Ensemble,0.15000000000000002,0.8447488584474886,104.00902438876551
148,2,San_Mateo,RandomForestRegressor,ICP,0.15000000000000002,0.7531392694063926,55.72222222222886
149,2,San_Mateo,RandomForestRegressor,Weighted_ICP,0.15000000000000002,0.7665525114155252,56.06304864864799
150,2,San_Mateo,Sequential,Ensemble,0.15000000000000002,0.8448915525114156,113.10039769422168
151,2,San_Mateo,Sequential,ICP,0.15000000000000002,0.7275970319634704,41.01406478881836
152,2,San_Mateo,Sequential,Weighted_ICP,0.15000000000000002,0.6933504566210046,32.82372665405273
153,2,San_Mateo,RNN,Ensemble,0.15000000000000002,0.8457477168949772,112.66623302902173
154,2,San_Mateo,RNN,ICP,0.15000000000000002,0.5669235159817352,17.96925926208496
155,2,San_Mateo,RNN,Weighted_ICP,0.15000000000000002,0.5761986301369864,16.84199333190918
156,2,San_Mateo,RidgeCV,Ensemble,0.2,0.7779680365296804,190.196653881641
157,2,San_Mateo,RidgeCV,ICP,0.2,0.4628995433789954,83.89906231978551
158,2,San_Mateo,RidgeCV,Weighted_ICP,0.2,0.4596175799086758,80.94445864298541
159,2,San_Mateo,RandomForestRegressor,Ensemble,0.2,0.7929509132420092,73.11992215859945
160,2,San_Mateo,RandomForestRegressor,ICP,0.2,0.7109018264840182,42.22222222222271
161,2,San_Mateo,RandomForestRegressor,Weighted_ICP,0.2,0.7111872146118722,40.38461538461918
162,2,San_Mateo,Sequential,Ensemble,0.2,0.7963755707762558,82.40061864578263
163,2,San_Mateo,Sequential,ICP,0.2,0.6889269406392694,29.06722640991211
164,2,San_Mateo,Sequential,Weighted_ICP,0.2,0.7103310502283106,34.235427856445305
165,2,San_Mateo,RNN,Ensemble,0.2,0.7899543378995434,85.68785589487364
166,2,San_Mateo,RNN,ICP,0.2,0.5493721461187214,13.55997371673584
167,2,San_Mateo,RNN,Weighted_ICP,0.2,0.5469463470319634,12.34430694580078
168,2,San_Mateo,RidgeCV,Ensemble,0.25,0.7255993150684932,167.6985784466813
169,2,San_Mateo,RidgeCV,ICP,0.25,0.4165239726027397,73.05804334516516
170,2,San_Mateo,RidgeCV,Weighted_ICP,0.25,0.413527397260274,70.88033483085444
171,2,San_Mateo,RandomForestRegressor,Ensemble,0.25,0.7467180365296804,54.089714706908495
172,2,San_Mateo,RandomForestRegressor,ICP,0.25,0.6503995433789954,29.777777777780447
173,2,San_Mateo,RandomForestRegressor,Weighted_ICP,0.25,0.6523972602739726,29.118168498165463
174,2,San_Mateo,Sequential,Ensemble,0.25,0.7525684931506851,64.04775188191266
175,2,San_Mateo,Sequential,ICP,0.25,0.6967751141552512,31.30148506164551
176,2,San_Mateo,Sequential,Weighted_ICP,0.25,0.6337043378995434,20.48607444763184
177,2,San_Mateo,RNN,Ensemble,0.25,0.7371575342465754,71.68557584831322
178,2,San_Mateo,RNN,ICP,0.25,0.5279680365296804,10.402944564819336
179,2,San_Mateo,RNN,Weighted_ICP,0.25,0.5285388127853882,9.997069358825684
180,3,San_Mateo,RidgeCV,Ensemble,0.05,0.9437785388127854,314.3596773235946
181,3,San_Mateo,RidgeCV,ICP,0.05,0.7194634703196348,147.5270791173665
182,3,San_Mateo,RidgeCV,Weighted_ICP,0.05,0.740439497716895,154.09008312571896
183,3,San_Mateo,RandomForestRegressor,Ensemble,0.05,0.9531963470319634,229.2337427077737
184,3,San_Mateo,RandomForestRegressor,ICP,0.05,0.9036815068493149,152.0863309352459
185,3,San_Mateo,RandomForestRegressor,Weighted_ICP,0.05,0.8922659817351598,145.63398692812285
186,3,San_Mateo,Sequential,Ensemble,0.05,0.9342180365296804,186.11915736490727
187,3,San_Mateo,Sequential,ICP,0.05,0.834332191780822,73.5936279296875
188,3,San_Mateo,Sequential,Weighted_ICP,0.05,0.8471746575342466,78.71682739257812
189,3,San_Mateo,RNN,Ensemble,0.05,0.9353595890410958,205.6169457720745
190,3,San_Mateo,RNN,ICP,0.05,0.6364155251141552,29.95794105529785
191,3,San_Mateo,RNN,Weighted_ICP,0.05,0.6392694063926939,37.59005737304688
192,3,San_Mateo,RidgeCV,Ensemble,0.1,0.8832762557077626,253.102708539056
193,3,San_Mateo,RidgeCV,ICP,0.1,0.5609303652968036,104.35999907801788
194,3,San_Mateo,RidgeCV,Weighted_ICP,0.1,0.6001712328767124,111.71593304447077
195,3,San_Mateo,RandomForestRegressor,Ensemble,0.1,0.9023972602739726,152.30198998278058
196,3,San_Mateo,RandomForestRegressor,ICP,0.1,0.8256278538812786,81.91366906475476
197,3,San_Mateo,RandomForestRegressor,Weighted_ICP,0.1,0.8193493150684932,84.16601307189556
198,3,San_Mateo,Sequential,Ensemble,0.1,0.8867009132420092,136.98277733335965
199,3,San_Mateo,Sequential,ICP,0.1,0.7671232876712328,51.25017929077149
200,3,San_Mateo,Sequential,Weighted_ICP,0.1,0.7400114155251142,43.04466247558594
201,3,San_Mateo,RNN,Ensemble,0.1,0.8814212328767124,151.11183816084989
202,3,San_Mateo,RNN,ICP,0.1,0.5827625570776256,21.41675567626953
203,3,San_Mateo,RNN,Weighted_ICP,0.1,0.5987442922374431,25.06694602966309
204,3,San_Mateo,RidgeCV,Ensemble,0.15000000000000002,0.8310502283105022,215.69074865146337
205,3,San_Mateo,RidgeCV,ICP,0.15000000000000002,0.507420091324201,91.15753106913719
206,3,San_Mateo,RidgeCV,Weighted_ICP,0.15000000000000002,0.5201198630136986,91.34510904837731
207,3,San_Mateo,RandomForestRegressor,Ensemble,0.15000000000000002,0.8450342465753424,103.29409124689836
208,3,San_Mateo,RandomForestRegressor,ICP,0.15000000000000002,0.740439497716895,49.91366906475307
209,3,San_Mateo,RandomForestRegressor,Weighted_ICP,0.15000000000000002,0.7448630136986302,53.707189542478275
210,3,San_Mateo,Sequential,Ensemble,0.15000000000000002,0.8428938356164384,102.68106061109043
211,3,San_Mateo,Sequential,ICP,0.15000000000000002,0.7071917808219178,34.42288589477539
212,3,San_Mateo,Sequential,Weighted_ICP,0.15000000000000002,0.7198915525114156,36.54307174682617
213,3,San_Mateo,RNN,Ensemble,0.15000000000000002,0.8381849315068494,108.31210833657896
214,3,San_Mateo,RNN,ICP,0.15000000000000002,0.598601598173516,19.937063217163086
215,3,San_Mateo,RNN,Weighted_ICP,0.15000000000000002,0.613156392694064,21.843669891357425
216,3,San_Mateo,RidgeCV,Ensemble,0.2,0.7773972602739726,188.04546746306542
217,3,San_Mateo,RidgeCV,ICP,0.2,0.4627568493150685,81.64126861568403
218,3,San_Mateo,RidgeCV,Weighted_ICP,0.2,0.4721746575342466,80.45461103859706
219,3,San_Mateo,RandomForestRegressor,Ensemble,0.2,0.7938070776255708,73.05183010576532
220,3,San_Mateo,RandomForestRegressor,ICP,0.2,0.7039098173515982,40.21875
221,3,San_Mateo,RandomForestRegressor,Weighted_ICP,0.2,0.6738013698630136,34.43356643356009
222,3,San_Mateo,Sequential,Ensemble,0.2,0.8040810502283106,224.70057077626132
223,3,San_Mateo,Sequential,ICP,0.2,0.6648116438356164,156.0
224,3,San_Mateo,Sequential,Weighted_ICP,0.2,0.6685216894977168,158.6111297607422
225,3,San_Mateo,RNN,Ensemble,0.2,0.7969463470319634,79.60392885139014
226,3,San_Mateo,RNN,ICP,0.2,0.552939497716895,13.343226432800293
227,3,San_Mateo,RNN,Weighted_ICP,0.2,0.5557933789954338,17.055120468139652
228,3,San_Mateo,RidgeCV,Ensemble,0.25,0.7228881278538812,166.09510018164937
229,3,San_Mateo,RidgeCV,ICP,0.25,0.4215182648401826,71.91695157869556
230,3,San_Mateo,RidgeCV,Weighted_ICP,0.25,0.4242294520547945,70.13469087325484
231,3,San_Mateo,RandomForestRegressor,Ensemble,0.25,0.7470034246575342,53.96301966047994
232,3,San_Mateo,RandomForestRegressor,ICP,0.25,0.6502568493150684,29.659598214288124
233,3,San_Mateo,RandomForestRegressor,Weighted_ICP,0.25,0.6220034246575342,24.68713894800761
234,3,San_Mateo,Sequential,Ensemble,0.25,0.7545662100456622,66.67677489990788
235,3,San_Mateo,Sequential,ICP,0.25,0.6374143835616438,22.59342193603516
236,3,San_Mateo,Sequential,Weighted_ICP,0.25,0.6442636986301371,23.31257057189941
237,3,San_Mateo,RNN,Ensemble,0.25,0.740582191780822,71.64894085059568
238,3,San_Mateo,RNN,ICP,0.25,0.5379566210045662,10.703166007995604
239,3,San_Mateo,RNN,Weighted_ICP,0.25,0.526541095890411,9.425872802734377
240,4,San_Mateo,RidgeCV,Ensemble,0.05,0.9412100456621004,329.85758466482184
241,4,San_Mateo,RidgeCV,ICP,0.05,0.713898401826484,150.90562666873518
242,4,San_Mateo,RidgeCV,Weighted_ICP,0.05,0.6792237442922374,149.67755725723111
243,4,San_Mateo,RandomForestRegressor,Ensemble,0.05,0.9534817351598174,229.1692974911305
244,4,San_Mateo,RandomForestRegressor,ICP,0.05,0.899115296803653,142.92758620690918
245,4,San_Mateo,RandomForestRegressor,Weighted_ICP,0.05,0.9002568493150684,151.5205882353177
246,4,San_Mateo,Sequential,Ensemble,0.05,0.937642694063927,176.66080278423038
247,4,San_Mateo,Sequential,ICP,0.05,0.8204908675799086,67.60225677490234
248,4,San_Mateo,Sequential,Weighted_ICP,0.05,0.8159246575342466,66.8729248046875
249,4,San_Mateo,RNN,Ensemble,0.05,0.9292237442922374,195.480365486874
250,4,San_Mateo,RNN,ICP,0.05,0.7224600456621004,45.1348648071289
251,4,San_Mateo,RNN,Weighted_ICP,0.05,0.6793664383561644,32.93644332885742
252,4,San_Mateo,RidgeCV,Ensemble,0.1,0.8812785388127854,264.73930620110195
253,4,San_Mateo,RidgeCV,ICP,0.1,0.584189497716895,110.88821962591946
254,4,San_Mateo,RidgeCV,Weighted_ICP,0.1,0.5585045662100456,111.76760282266407
255,4,San_Mateo,RandomForestRegressor,Ensemble,0.1,0.9011130136986302,152.2044410807033
256,4,San_Mateo,RandomForestRegressor,ICP,0.1,0.8267694063926941,78.14482758620422
257,4,San_Mateo,RandomForestRegressor,Weighted_ICP,0.1,0.8264840182648402,86.66543082020742
258,4,San_Mateo,Sequential,Ensemble,0.1,0.8936929223744292,122.58103263330848
259,4,San_Mateo,Sequential,ICP,0.1,0.7702625570776256,48.70732498168945
260,4,San_Mateo,Sequential,Weighted_ICP,0.1,0.7542808219178082,45.83103942871094
261,4,San_Mateo,RNN,Ensemble,0.1,0.8882705479452054,174.5616140499826
262,4,San_Mateo,RNN,ICP,0.1,0.6210045662100456,25.45169448852539
263,4,San_Mateo,RNN,Weighted_ICP,0.1,0.632134703196347,25.635122299194336
264,4,San_Mateo,RidgeCV,Ensemble,0.15000000000000002,0.8304794520547946,224.76698187901127
265,4,San_Mateo,RidgeCV,ICP,0.15000000000000002,0.5175513698630136,93.35709702723892
266,4,San_Mateo,RidgeCV,Weighted_ICP,0.15000000000000002,0.4950057077625571,94.47770534723816
267,4,San_Mateo,RandomForestRegressor,Ensemble,0.15000000000000002,0.843607305936073,102.73130821729731
268,4,San_Mateo,RandomForestRegressor,ICP,0.15000000000000002,0.7434360730593608,47.635036496347674
269,4,San_Mateo,RandomForestRegressor,Weighted_ICP,0.15000000000000002,0.7584189497716894,56.731862745091426
270,4,San_Mateo,Sequential,Ensemble,0.15000000000000002,0.8440353881278538,99.57714720033323
271,4,San_Mateo,Sequential,ICP,0.15000000000000002,0.7237442922374431,36.73063278198242
272,4,San_Mateo,Sequential,Weighted_ICP,0.15000000000000002,0.7618436073059359,46.853233337402344
273,4,San_Mateo,RNN,Ensemble,0.15000000000000002,0.8360445205479452,113.77542531855312
274,4,San_Mateo,RNN,ICP,0.15000000000000002,0.5761986301369864,17.540647506713867
275,4,San_Mateo,RNN,Weighted_ICP,0.15000000000000002,0.58162100456621,18.7813663482666
276,4,San_Mateo,RidgeCV,Ensemble,0.2,0.7782534246575342,195.17039348290612
277,4,San_Mateo,RidgeCV,ICP,0.2,0.4803082191780822,84.65353499651675
278,4,San_Mateo,RidgeCV,Weighted_ICP,0.2,0.4426369863013699,81.41652211116491
279,4,San_Mateo,RandomForestRegressor,Ensemble,0.2,0.7939497716894978,71.94674584574325
280,4,San_Mateo,RandomForestRegressor,ICP,0.2,0.697060502283105,36.946236559137205
281,4,San_Mateo,RandomForestRegressor,Weighted_ICP,0.2,0.6900684931506851,37.20049019608308
282,4,San_Mateo,Sequential,Ensemble,0.2,0.7985159817351598,75.18945585381212
283,4,San_Mateo,Sequential,ICP,0.2,0.6934931506849316,29.51068878173828
284,4,San_Mateo,Sequential,Weighted_ICP,0.2,0.6742294520547946,25.443153381347656
285,4,San_Mateo,RNN,Ensemble,0.2,0.7882420091324199,85.71155875732529
286,4,San_Mateo,RNN,ICP,0.2,0.5569349315068494,13.896340370178224
287,4,San_Mateo,RNN,Weighted_ICP,0.2,0.5739155251141552,16.25727653503418
288,4,San_Mateo,RidgeCV,Ensemble,0.25,0.7234589041095891,171.49775044763604
289,4,San_Mateo,RidgeCV,ICP,0.25,0.4299372146118721,72.74227174731223
290,4,San_Mateo,RidgeCV,Weighted_ICP,0.25,0.3979737442922374,71.16472877452964
291,4,San_Mateo,RandomForestRegressor,Ensemble,0.25,0.7475742009132421,53.37641722202334
292,4,San_Mateo,RandomForestRegressor,ICP,0.25,0.6446917808219178,27.635036496350807
293,4,San_Mateo,RandomForestRegressor,Weighted_ICP,0.25,0.6262842465753424,25.22303921568998
294,4,San_Mateo,Sequential,Ensemble,0.25,0.7522831050228309,62.544977373010724
295,4,San_Mateo,Sequential,ICP,0.25,0.6415525114155252,22.79688262939453
296,4,San_Mateo,Sequential,Weighted_ICP,0.25,0.6857876712328768,30.750965118408203
297,4,San_Mateo,RNN,Ensemble,0.25,0.7367294520547946,72.73509285837284
298,4,San_Mateo,RNN,ICP,0.25,0.5242579908675801,9.2344331741333
299,4,San_Mateo,RNN,Weighted_ICP,0.25,0.528681506849315,9.430316925048828
300,5,San_Mateo,RidgeCV,Ensemble,0.05,0.9412100456621004,325.599135971286
301,5,San_Mateo,RidgeCV,ICP,0.05,0.7191780821917808,148.9387617421108
302,5,San_Mateo,RidgeCV,Weighted_ICP,0.05,0.7039098173515982,137.59073247432002
303,5,San_Mateo,RandomForestRegressor,Ensemble,0.05,0.9530536529680366,228.81786077401645
304,5,San_Mateo,RandomForestRegressor,ICP,0.05,0.8929794520547946,140.0
305,5,San_Mateo,RandomForestRegressor,Weighted_ICP,0.05,0.8764269406392694,126.54777070064816
306,5,San_Mateo,Sequential,Ensemble,0.05,0.9346461187214612,180.22090931184158
307,5,San_Mateo,Sequential,ICP,0.05,0.8711472602739726,86.60440826416016
308,5,San_Mateo,Sequential,Weighted_ICP,0.05,0.7755422374429224,57.155616760253906
309,5,San_Mateo,RNN,Ensemble,0.05,0.9317922374429224,203.6372988534293
310,5,San_Mateo,RNN,ICP,0.05,0.6344178082191779,32.67182159423828
311,5,San_Mateo,RNN,Weighted_ICP,0.05,0.6956335616438356,36.046669006347656
312,5,San_Mateo,RidgeCV,Ensemble,0.1,0.8815639269406392,261.8261366532918
313,5,San_Mateo,RidgeCV,ICP,0.1,0.6005993150684932,113.02718367346084
314,5,San_Mateo,RidgeCV,Weighted_ICP,0.1,0.5849029680365296,103.73911303483641
315,5,San_Mateo,RandomForestRegressor,Ensemble,0.1,0.9025399543378996,153.36657830995932
316,5,San_Mateo,RandomForestRegressor,ICP,0.1,0.8026541095890408,69.26218116416906
317,5,San_Mateo,RandomForestRegressor,Weighted_ICP,0.1,0.8176369863013698,80.34777070063457
318,5,San_Mateo,Sequential,Ensemble,0.1,0.8908390410958904,128.90958999492702
319,5,San_Mateo,Sequential,ICP,0.1,0.7674086757990868,50.37486267089844
320,5,San_Mateo,Sequential,Weighted_ICP,0.1,0.7892408675799086,54.916259765625
321,5,San_Mateo,RNN,Ensemble,0.1,0.8905536529680366,124.49428701593284
322,5,San_Mateo,RNN,ICP,0.1,0.6445490867579908,24.296520233154297
323,5,San_Mateo,RNN,Weighted_ICP,0.1,0.682791095890411,25.423036575317386
324,5,San_Mateo,RidgeCV,Ensemble,0.15000000000000002,0.8304794520547946,222.93788243109958
325,5,San_Mateo,RidgeCV,ICP,0.15000000000000002,0.53125,96.33709352418049
326,5,San_Mateo,RidgeCV,Weighted_ICP,0.15000000000000002,0.5189783105022832,88.28138185440045
327,5,San_Mateo,RandomForestRegressor,Ensemble,0.15000000000000002,0.8440353881278538,103.66895400395676
328,5,San_Mateo,RandomForestRegressor,ICP,0.15000000000000002,0.7334474885844748,46.84090909090558
329,5,San_Mateo,RandomForestRegressor,Weighted_ICP,0.15000000000000002,0.7363013698630136,47.94160583941302
330,5,San_Mateo,Sequential,Ensemble,0.15000000000000002,0.8421803652968036,112.28547368172177
331,5,San_Mateo,Sequential,ICP,0.15000000000000002,0.6870719178082192,31.25111389160156
332,5,San_Mateo,Sequential,Weighted_ICP,0.15000000000000002,0.7137557077625569,40.51424789428711
333,5,San_Mateo,RNN,Ensemble,0.15000000000000002,0.8393264840182648,112.58387107257424
334,5,San_Mateo,RNN,ICP,0.15000000000000002,0.5860445205479452,20.750337600708008
335,5,San_Mateo,RNN,Weighted_ICP,0.15000000000000002,0.5844748858447488,17.710968017578125
336,5,San_Mateo,RidgeCV,Ensemble,0.2,0.7781107305936074,193.9542487739936
337,5,San_Mateo,RidgeCV,ICP,0.2,0.4798801369863014,82.56498669610691
338,5,San_Mateo,RidgeCV,Weighted_ICP,0.2,0.4726027397260274,77.58349003673429
339,5,San_Mateo,RandomForestRegressor,Ensemble,0.2,0.7929509132420092,73.2148470537229
340,5,San_Mateo,RandomForestRegressor,ICP,0.2,0.6833618721461188,35.33372507774028
341,5,San_Mateo,RandomForestRegressor,Weighted_ICP,0.2,0.6692351598173516,32.215426100706914
342,5,San_Mateo,Sequential,Ensemble,0.2,0.8002283105022832,78.61699386584401
343,5,San_Mateo,Sequential,ICP,0.2,0.6832191780821918,26.61951446533203
344,5,San_Mateo,Sequential,Weighted_ICP,0.2,0.6505422374429224,19.55388641357422
345,5,San_Mateo,RNN,Ensemble,0.2,0.7969463470319634,87.33793659210316
346,5,San_Mateo,RNN,ICP,0.2,0.5395262557077626,12.531100273132324
347,5,San_Mateo,RNN,Weighted_ICP,0.2,0.5490867579908676,12.0
348,5,San_Mateo,RidgeCV,Ensemble,0.25,0.7244577625570776,170.68045553266356
349,5,San_Mateo,RidgeCV,ICP,0.25,0.4400684931506849,74.4029800525778
350,5,San_Mateo,RidgeCV,Weighted_ICP,0.25,0.4336472602739726,69.80797912826235
351,5,San_Mateo,RandomForestRegressor,Ensemble,0.25,0.7475742009132421,54.127827079250146
352,5,San_Mateo,RandomForestRegressor,ICP,0.25,0.627283105022831,24.904323669287788
353,5,San_Mateo,RandomForestRegressor,Weighted_ICP,0.25,0.6265696347031964,24.072992700732023
354,5,San_Mateo,Sequential,Ensemble,0.25,0.7541381278538812,64.91480099306625
355,5,San_Mateo,Sequential,ICP,0.25,0.6262842465753424,20.48428726196289
356,5,San_Mateo,Sequential,Weighted_ICP,0.25,0.66324200913242,26.58930206298828
357,5,San_Mateo,RNN,Ensemble,0.25,0.7497146118721462,67.13428783116278
358,5,San_Mateo,RNN,ICP,0.25,0.5502283105022832,11.195147514343262
359,5,San_Mateo,RNN,Weighted_ICP,0.25,0.5329623287671232,9.253902435302734
360,6,San_Mateo,RidgeCV,Ensemble,0.05,0.9419235159817352,321.8570643649769
361,6,San_Mateo,RidgeCV,ICP,0.05,0.6673801369863014,139.64883089030673
362,6,San_Mateo,RidgeCV,Weighted_ICP,0.05,0.7418664383561644,150.0972726876805
363,6,San_Mateo,RandomForestRegressor,Ensemble,0.05,0.9529109589041096,227.7578890312126
364,6,San_Mateo,RandomForestRegressor,ICP,0.05,0.9006849315068494,145.58163265304276
365,6,San_Mateo,RandomForestRegressor,Weighted_ICP,0.05,0.8939783105022832,139.50144927538284
366,6,San_Mateo,Sequential,Ensemble,0.05,0.9372146118721462,181.75325051077567
367,6,San_Mateo,Sequential,ICP,0.05,0.8187785388127854,71.12307739257812
368,6,San_Mateo,Sequential,Weighted_ICP,0.05,0.8324771689497716,69.06290435791016
369,6,San_Mateo,RNN,Ensemble,0.05,0.9342180365296804,180.97434384285492
370,6,San_Mateo,RNN,ICP,0.05,0.6979166666666666,39.57426834106445
371,6,San_Mateo,RNN,Weighted_ICP,0.05,0.6499714611872146,31.88625907897949
372,6,San_Mateo,RidgeCV,Ensemble,0.1,0.882420091324201,257.56637009890875
373,6,San_Mateo,RidgeCV,ICP,0.1,0.547945205479452,105.33182857957298
374,6,San_Mateo,RidgeCV,Weighted_ICP,0.1,0.57462899543379,104.54936303016036
375,6,San_Mateo,RandomForestRegressor,Ensemble,0.1,0.9021118721461188,152.14945020791572
376,6,San_Mateo,RandomForestRegressor,ICP,0.1,0.8274828767123288,80.42012667136396
377,6,San_Mateo,RandomForestRegressor,Weighted_ICP,0.1,0.8321917808219178,84.08115942030093
378,6,San_Mateo,Sequential,Ensemble,0.1,0.8876997716894978,127.76490754492114
379,6,San_Mateo,Sequential,ICP,0.1,0.8095034246575342,55.13506317138672
380,6,San_Mateo,Sequential,Weighted_ICP,0.1,0.817351598173516,56.37244415283203
381,6,San_Mateo,RNN,Ensemble,0.1,0.8882705479452054,125.73242519833346
382,6,San_Mateo,RNN,ICP,0.1,0.5826198630136986,19.09375762939453
383,6,San_Mateo,RNN,Weighted_ICP,0.1,0.579337899543379,18.687406539916992
384,6,San_Mateo,RidgeCV,Ensemble,0.15000000000000002,0.8317636986301371,218.3822938421577
385,6,San_Mateo,RidgeCV,ICP,0.15000000000000002,0.4897260273972603,88.97856417038473
386,6,San_Mateo,RidgeCV,Weighted_ICP,0.15000000000000002,0.5218321917808221,91.09655160984407
387,6,San_Mateo,RandomForestRegressor,Ensemble,0.15000000000000002,0.8444634703196348,103.97284201969507
388,6,San_Mateo,RandomForestRegressor,ICP,0.15000000000000002,0.7452910958904109,49.162311422409935
389,6,San_Mateo,RandomForestRegressor,Weighted_ICP,0.15000000000000002,0.7591324200913242,54.10144927536943
390,6,San_Mateo,Sequential,Ensemble,0.15000000000000002,0.8444634703196348,121.51028478686712
391,6,San_Mateo,Sequential,ICP,0.15000000000000002,0.6996289954337901,36.34275817871094
392,6,San_Mateo,Sequential,Weighted_ICP,0.15000000000000002,0.6696632420091324,32.605751037597656
393,6,San_Mateo,RNN,Ensemble,0.15000000000000002,0.8448915525114156,105.33990893369871
394,6,San_Mateo,RNN,ICP,0.15000000000000002,0.5834760273972602,19.406139373779297
395,6,San_Mateo,RNN,Weighted_ICP,0.15000000000000002,0.6108732876712328,18.694826126098636
396,6,San_Mateo,RidgeCV,Ensemble,0.2,0.7793949771689498,189.73764252243404
397,6,San_Mateo,RidgeCV,ICP,0.2,0.4347888127853881,76.01049549127214
398,6,San_Mateo,RidgeCV,Weighted_ICP,0.2,0.4684646118721461,79.54269348091162
399,6,San_Mateo,RandomForestRegressor,Ensemble,0.2,0.7926655251141552,73.46047552768466
400,6,San_Mateo,RandomForestRegressor,ICP,0.2,0.6943493150684932,36.91828793773907
401,6,San_Mateo,RandomForestRegressor,Weighted_ICP,0.2,0.7030536529680366,39.0777227114517
402,6,San_Mateo,Sequential,Ensemble,0.2,0.7972317351598174,80.20215073765125
403,6,San_Mateo,Sequential,ICP,0.2,0.6863584474885844,28.73311996459961
404,6,San_Mateo,Sequential,Weighted_ICP,0.2,0.6870719178082192,29.338830947875977
405,6,San_Mateo,RNN,Ensemble,0.2,0.790667808219178,78.7156691410763
406,6,San_Mateo,RNN,ICP,0.2,0.5712043378995434,14.227032661437988
407,6,San_Mateo,RNN,Weighted_ICP,0.2,0.5443778538812786,11.21796703338623
408,6,San_Mateo,RidgeCV,Ensemble,0.25,0.7220319634703196,167.09449132289882
409,6,San_Mateo,RidgeCV,ICP,0.25,0.3986872146118721,68.10192448711064
410,6,San_Mateo,RidgeCV,Weighted_ICP,0.25,0.4200913242009132,69.13304879632481
411,6,San_Mateo,RandomForestRegressor,Ensemble,0.25,0.7465753424657534,54.27484005076047
412,6,San_Mateo,RandomForestRegressor,ICP,0.25,0.6519691780821918,28.99906078088912
413,6,San_Mateo,RandomForestRegressor,Weighted_ICP,0.25,0.6503995433789954,29.431578947369648
414,6,San_Mateo,Sequential,Ensemble,0.25,0.7525684931506851,58.65697658089971
415,6,San_Mateo,Sequential,ICP,0.25,0.6541095890410958,25.15046119689941
416,6,San_Mateo,Sequential,Weighted_ICP,0.25,0.6432648401826484,23.29648780822754
417,6,San_Mateo,RNN,Ensemble,0.25,0.740439497716895,66.63289031989028
418,6,San_Mateo,RNN,ICP,0.25,0.5271118721461188,8.05101203918457
419,6,San_Mateo,RNN,Weighted_ICP,0.25,0.5171232876712328,8.704156875610353
420,7,San_Mateo,RidgeCV,Ensemble,0.05,0.9407819634703196,328.92634448750783
421,7,San_Mateo,RidgeCV,ICP,0.05,0.7074771689497716,149.71632977458646
422,7,San_Mateo,RidgeCV,Weighted_ICP,0.05,0.7517123287671232,156.0121900869789
423,7,San_Mateo,RandomForestRegressor,Ensemble,0.05,0.9531963470319634,228.64060862064912
424,7,San_Mateo,RandomForestRegressor,ICP,0.05,0.9102454337899544,156.44444444446881
425,7,San_Mateo,RandomForestRegressor,Weighted_ICP,0.05,0.8969748858447488,146.8351145038336
426,7,San_Mateo,Sequential,Ensemble,0.05,0.9349315068493149,179.38267947500972
427,7,San_Mateo,Sequential,ICP,0.05,0.7975171232876712,59.02382278442383
428,7,San_Mateo,Sequential,Weighted_ICP,0.05,0.8610159817351598,83.13027954101562
429,7,San_Mateo,RNN,Ensemble,0.05,0.9322203196347032,189.9773288444684
430,7,San_Mateo,RNN,ICP,0.05,0.675656392694064,34.74599456787109
431,7,San_Mateo,RNN,Weighted_ICP,0.05,0.7702625570776256,56.08333206176758
432,7,San_Mateo,RidgeCV,Ensemble,0.1,0.8818493150684932,263.09626597045445
433,7,San_Mateo,RidgeCV,ICP,0.1,0.5870433789954338,111.55457384603999
434,7,San_Mateo,RidgeCV,Weighted_ICP,0.1,0.6241438356164384,113.7200850450808
435,7,San_Mateo,RandomForestRegressor,Ensemble,0.1,0.9022545662100456,153.5207072995229
436,7,San_Mateo,RandomForestRegressor,ICP,0.1,0.822060502283105,74.29262926291275
437,7,San_Mateo,RandomForestRegressor,Weighted_ICP,0.1,0.8393264840182648,91.23511450381359
438,7,San_Mateo,Sequential,Ensemble,0.1,0.8919805936073059,139.54084613509158
439,7,San_Mateo,Sequential,ICP,0.1,0.7742579908675801,53.21601104736328
440,7,San_Mateo,Sequential,Weighted_ICP,0.1,0.7615582191780822,52.48943328857422
441,7,San_Mateo,RNN,Ensemble,0.1,0.8871289954337901,146.90815583414414
442,7,San_Mateo,RNN,ICP,0.1,0.6172945205479452,20.881662368774414
443,7,San_Mateo,RNN,Weighted_ICP,0.1,0.6141552511415526,20.45416641235352
444,7,San_Mateo,RidgeCV,Ensemble,0.15000000000000002,0.8321917808219178,223.35458132904046
445,7,San_Mateo,RidgeCV,ICP,0.15000000000000002,0.5068493150684932,91.41277840418243
446,7,San_Mateo,RidgeCV,Weighted_ICP,0.15000000000000002,0.5465182648401826,94.80566278046331
447,7,San_Mateo,RandomForestRegressor,Ensemble,0.15000000000000002,0.8444634703196348,104.76839157877008
448,7,San_Mateo,RandomForestRegressor,ICP,0.15000000000000002,0.759560502283105,51.23057644109974
449,7,San_Mateo,RandomForestRegressor,Weighted_ICP,0.15000000000000002,0.7688356164383562,56.327076784916194
450,7,San_Mateo,Sequential,Ensemble,0.15000000000000002,0.8453196347031964,102.90893270139804
451,7,San_Mateo,Sequential,ICP,0.15000000000000002,0.7163242009132421,37.2775764465332
452,7,San_Mateo,Sequential,Weighted_ICP,0.15000000000000002,0.742579908675799,41.363563537597656
453,7,San_Mateo,RNN,Ensemble,0.15000000000000002,0.8446061643835616,110.82488379708876
454,7,San_Mateo,RNN,ICP,0.15000000000000002,0.5940353881278538,18.02960968017578
455,7,San_Mateo,RNN,Weighted_ICP,0.15000000000000002,0.5856164383561644,16.101129531860348
456,7,San_Mateo,RidgeCV,Ensemble,0.2,0.7772545662100456,194.04021250122344
457,7,San_Mateo,RidgeCV,ICP,0.2,0.4601883561643836,79.75495036971866
458,7,San_Mateo,RidgeCV,Weighted_ICP,0.2,0.488013698630137,81.39593356161984
459,7,San_Mateo,RandomForestRegressor,Ensemble,0.2,0.7926655251141552,74.21217958274505
460,7,San_Mateo,RandomForestRegressor,ICP,0.2,0.7003424657534246,37.55555555556024
461,7,San_Mateo,RandomForestRegressor,Weighted_ICP,0.2,0.7148972602739726,40.82595419846803
462,7,San_Mateo,Sequential,Ensemble,0.2,0.8003710045662099,68.93816158407918
463,7,San_Mateo,Sequential,ICP,0.2,0.6853595890410958,28.29294013977051
464,7,San_Mateo,Sequential,Weighted_ICP,0.2,0.7074771689497716,32.52698135375977
465,7,San_Mateo,RNN,Ensemble,0.2,0.7953767123287672,91.90623992262638
466,7,San_Mateo,RNN,ICP,0.2,0.560216894977169,13.203079223632812
467,7,San_Mateo,RNN,Weighted_ICP,0.2,0.572345890410959,16.986391067504886
468,7,San_Mateo,RidgeCV,Ensemble,0.25,0.7248858447488584,170.64950178159282
469,7,San_Mateo,RidgeCV,ICP,0.25,0.4179509132420091,71.59075901035966
470,7,San_Mateo,RidgeCV,Weighted_ICP,0.25,0.4440639269406393,70.6951900889514
471,7,San_Mateo,RandomForestRegressor,Ensemble,0.25,0.7484303652968036,54.407701511042134
472,7,San_Mateo,RandomForestRegressor,ICP,0.25,0.651541095890411,29.19940383503097
473,7,San_Mateo,RandomForestRegressor,Weighted_ICP,0.25,0.6593892694063926,30.278531925586694
474,7,San_Mateo,Sequential,Ensemble,0.25,0.7514269406392694,64.66975031409824
475,7,San_Mateo,Sequential,ICP,0.25,0.677939497716895,27.72270774841309
476,7,San_Mateo,Sequential,Weighted_ICP,0.25,0.6385559360730594,21.770973205566406
477,7,San_Mateo,RNN,Ensemble,0.25,0.7458618721461188,67.0643891823649
478,7,San_Mateo,RNN,ICP,0.25,0.5308219178082192,10.007847785949707
479,7,San_Mateo,RNN,Weighted_ICP,0.25,0.5406678082191779,10.539755821228027
480,8,San_Mateo,RidgeCV,Ensemble,0.05,0.9426369863013698,319.20723709928274
481,8,San_Mateo,RidgeCV,ICP,0.05,0.7243150684931506,157.37130701589018
482,8,San_Mateo,RidgeCV,Weighted_ICP,0.05,0.6952054794520548,139.5050279037037
483,8,San_Mateo,RandomForestRegressor,Ensemble,0.05,0.9530536529680366,230.235665992596
484,8,San_Mateo,RandomForestRegressor,ICP,0.05,0.8961187214611872,145.50729927004514
485,8,San_Mateo,RandomForestRegressor,Weighted_ICP,0.05,0.9095319634703196,159.16811594203884
486,8,San_Mateo,Sequential,Ensemble,0.05,0.9399257990867579,187.05967473730388
487,8,San_Mateo,Sequential,ICP,0.05,0.8242009132420092,64.58650970458984
488,8,San_Mateo,Sequential,Weighted_ICP,0.05,0.8624429223744292,80.00043487548828
489,8,San_Mateo,RNN,Ensemble,0.05,0.9320776255707762,209.88947375896825
490,8,San_Mateo,RNN,ICP,0.05,0.656107305936073,33.984642028808594
491,8,San_Mateo,RNN,Weighted_ICP,0.05,0.6616723744292238,36.35615921020508
492,8,San_Mateo,RidgeCV,Ensemble,0.1,0.8815639269406392,256.1283160640377
493,8,San_Mateo,RidgeCV,ICP,0.1,0.56949200913242,109.22497711392784
494,8,San_Mateo,RidgeCV,Weighted_ICP,0.1,0.5666381278538812,104.844811517277
495,8,San_Mateo,RandomForestRegressor,Ensemble,0.1,0.9028253424657534,153.61273747361886
496,8,San_Mateo,RandomForestRegressor,ICP,0.1,0.8276255707762558,86.99270072993473
497,8,San_Mateo,RandomForestRegressor,Weighted_ICP,0.1,0.8284817351598174,84.18756191525304
498,8,San_Mateo,Sequential,Ensemble,0.1,0.8901255707762558,132.99066111142434
499,8,San_Mateo,Sequential,ICP,0.1,0.7646974885844748,51.71649551391602
500,8,San_Mateo,Sequential,Weighted_ICP,0.1,0.7785388127853882,53.3541488647461
501,8,San_Mateo,RNN,Ensemble,0.1,0.8825627853881278,164.36534590331138
502,8,San_Mateo,RNN,ICP,0.1,0.5991723744292238,20.404525756835934
503,8,San_Mateo,RNN,Weighted_ICP,0.1,0.620291095890411,21.80747413635254
504,8,San_Mateo,RidgeCV,Ensemble,0.15000000000000002,0.8306221461187214,218.2344258874829
505,8,San_Mateo,RidgeCV,ICP,0.15000000000000002,0.5062785388127854,92.8066404948035
506,8,San_Mateo,RidgeCV,Weighted_ICP,0.15000000000000002,0.5068493150684932,90.2668996303117
507,8,San_Mateo,RandomForestRegressor,Ensemble,0.15000000000000002,0.8458904109589042,104.33670175222305
508,8,San_Mateo,RandomForestRegressor,ICP,0.15000000000000002,0.7515696347031964,53.519662408756496
509,8,San_Mateo,RandomForestRegressor,Weighted_ICP,0.15000000000000002,0.7537100456621004,53.397665858692456
510,8,San_Mateo,Sequential,Ensemble,0.15000000000000002,0.8470319634703196,94.01957022348681
511,8,San_Mateo,Sequential,ICP,0.15000000000000002,0.7464326484018264,40.28146743774414
512,8,San_Mateo,Sequential,Weighted_ICP,0.15000000000000002,0.7552796803652968,42.57295989990234
513,8,San_Mateo,RNN,Ensemble,0.15000000000000002,0.8421803652968036,115.69261175159944
514,8,San_Mateo,RNN,ICP,0.15000000000000002,0.5847602739726028,16.740415573120114
515,8,San_Mateo,RNN,Weighted_ICP,0.15000000000000002,0.59375,19.20348358154297
516,8,San_Mateo,RidgeCV,Ensemble,0.2,0.7778253424657534,190.15627406380847
517,8,San_Mateo,RidgeCV,ICP,0.2,0.4569063926940639,80.06247831388002
518,8,San_Mateo,RidgeCV,Weighted_ICP,0.2,0.4560502283105023,79.39606218006351
519,8,San_Mateo,RandomForestRegressor,Ensemble,0.2,0.7945205479452054,73.18398635208791
520,8,San_Mateo,RandomForestRegressor,ICP,0.2,0.6906392694063926,37.0072992700734
521,8,San_Mateo,RandomForestRegressor,Weighted_ICP,0.2,0.7074771689497716,40.49559050262399
522,8,San_Mateo,Sequential,Ensemble,0.2,0.7975171232876712,81.39441790815047
523,8,San_Mateo,Sequential,ICP,0.2,0.7161815068493149,36.109169006347656
524,8,San_Mateo,Sequential,Weighted_ICP,0.2,0.6829337899543378,30.74909019470215
525,8,San_Mateo,RNN,Ensemble,0.2,0.7913812785388128,85.77689336098534
526,8,San_Mateo,RNN,ICP,0.2,0.5606449771689498,13.947277069091795
527,8,San_Mateo,RNN,Weighted_ICP,0.2,0.552654109589041,13.12712287902832
528,8,San_Mateo,RidgeCV,Ensemble,0.25,0.7224600456621004,167.67156442522582
529,8,San_Mateo,RidgeCV,ICP,0.25,0.4112442922374429,70.45639197906803
530,8,San_Mateo,RidgeCV,Weighted_ICP,0.25,0.41595319634703204,70.91320288117295
531,8,San_Mateo,RandomForestRegressor,Ensemble,0.25,0.7480022831050228,53.72761931160405
532,8,San_Mateo,RandomForestRegressor,ICP,0.25,0.6409817351598174,27.5036496350367
533,8,San_Mateo,RandomForestRegressor,Weighted_ICP,0.25,0.6575342465753424,29.900709219858946
534,8,San_Mateo,Sequential,Ensemble,0.25,0.7528538812785388,57.60687947160707
535,8,San_Mateo,Sequential,ICP,0.25,0.629708904109589,22.178075790405273
536,8,San_Mateo,Sequential,Weighted_ICP,0.25,0.6642408675799086,26.656513214111328
537,8,San_Mateo,RNN,Ensemble,0.25,0.7470034246575342,63.22222192096056
538,8,San_Mateo,RNN,ICP,0.25,0.5382420091324199,10.815832138061523
539,8,San_Mateo,RNN,Weighted_ICP,0.25,0.5389554794520548,11.197761535644533
540,9,San_Mateo,RidgeCV,Ensemble,0.05,0.942351598173516,319.26520729542665
541,9,San_Mateo,RidgeCV,ICP,0.05,0.7026255707762558,149.0835166382603
542,9,San_Mateo,RidgeCV,Weighted_ICP,0.05,0.6889269406392694,149.0872369723162
543,9,San_Mateo,RandomForestRegressor,Ensemble,0.05,0.9527682648401826,228.70502693368167
544,9,San_Mateo,RandomForestRegressor,ICP,0.05,0.9032534246575342,149.95172413790672
545,9,San_Mateo,RandomForestRegressor,Weighted_ICP,0.05,0.8914098173515982,146.03428571427347
546,9,San_Mateo,Sequential,Ensemble,0.05,0.9379280821917808,175.5295701115219
547,9,San_Mateo,Sequential,ICP,0.05,0.7990867579908676,62.39907836914063
548,9,San_Mateo,Sequential,Weighted_ICP,0.05,0.8280536529680366,69.12708282470703
549,9,San_Mateo,RNN,Ensemble,0.05,0.9347888127853882,197.9895446888648
550,9,San_Mateo,RNN,ICP,0.05,0.6429794520547946,34.105907440185554
551,9,San_Mateo,RNN,Weighted_ICP,0.05,0.6512557077625569,33.69076919555664
552,9,San_Mateo,RidgeCV,Ensemble,0.1,0.882277397260274,256.13329402527
553,9,San_Mateo,RidgeCV,ICP,0.1,0.5620719178082192,107.737803457895
554,9,San_Mateo,RidgeCV,Weighted_ICP,0.1,0.5435216894977168,105.98306908667776
555,9,San_Mateo,RandomForestRegressor,Ensemble,0.1,0.9021118721461188,152.87542668597877
556,9,San_Mateo,RandomForestRegressor,ICP,0.1,0.819920091324201,77.34621464548606
557,9,San_Mateo,RandomForestRegressor,Weighted_ICP,0.1,0.8144977168949772,82.06857142857612
558,9,San_Mateo,Sequential,Ensemble,0.1,0.8911244292237442,146.72666343041843
559,9,San_Mateo,Sequential,ICP,0.1,0.7557077625570776,48.21876525878906
560,9,San_Mateo,Sequential,Weighted_ICP,0.1,0.773972602739726,51.8017578125
561,9,San_Mateo,RNN,Ensemble,0.1,0.8925513698630136,159.08992551189928
562,9,San_Mateo,RNN,ICP,0.1,0.6261415525114156,23.9001407623291
563,9,San_Mateo,RNN,Weighted_ICP,0.1,0.6689497716894978,30.371103286743164
564,9,San_Mateo,RidgeCV,Ensemble,0.15000000000000002,0.8294805936073059,218.33792451912396
565,9,San_Mateo,RidgeCV,ICP,0.15000000000000002,0.4947203196347032,89.54355765336635
566,9,San_Mateo,RidgeCV,Weighted_ICP,0.15000000000000002,0.4887271689497717,91.39197908819469
567,9,San_Mateo,RandomForestRegressor,Ensemble,0.15000000000000002,0.8447488584474886,103.73262495707527
568,9,San_Mateo,RandomForestRegressor,ICP,0.15000000000000002,0.7348744292237442,46.912205801864864
569,9,San_Mateo,RandomForestRegressor,Weighted_ICP,0.15000000000000002,0.7467180365296804,54.75469387754917
570,9,San_Mateo,Sequential,Ensemble,0.15000000000000002,0.8467465753424658,109.49836018191765
571,9,San_Mateo,Sequential,ICP,0.15000000000000002,0.7158961187214612,35.547119140625
572,9,San_Mateo,Sequential,Weighted_ICP,0.15000000000000002,0.7190353881278538,38.08222198486328
573,9,San_Mateo,RNN,Ensemble,0.15000000000000002,0.8476027397260274,112.4339795400658
574,9,San_Mateo,RNN,ICP,0.15000000000000002,0.5609303652968036,14.896476745605467
575,9,San_Mateo,RNN,Weighted_ICP,0.15000000000000002,0.5579337899543378,14.486775398254395
576,9,San_Mateo,RidgeCV,Ensemble,0.2,0.7776826484018264,190.05672672040544
577,9,San_Mateo,RidgeCV,ICP,0.2,0.4397831050228311,77.2797167237579
578,9,San_Mateo,RidgeCV,Weighted_ICP,0.2,0.4403538812785388,78.1771066165642
579,9,San_Mateo,RandomForestRegressor,Ensemble,0.2,0.7928082191780822,73.51494617736927
580,9,San_Mateo,RandomForestRegressor,ICP,0.2,0.6932077625570776,37.93258426966536
581,9,San_Mateo,RandomForestRegressor,Weighted_ICP,0.2,0.6787956621004566,35.91428571427989
582,9,San_Mateo,Sequential,Ensemble,0.2,0.8006563926940641,81.41304714857063
583,9,San_Mateo,Sequential,ICP,0.2,0.6887842465753424,32.457347869873054
584,9,San_Mateo,Sequential,Weighted_ICP,0.2,0.6862157534246576,31.2957763671875
585,9,San_Mateo,RNN,Ensemble,0.2,0.7929509132420092,88.38533360106354
586,9,San_Mateo,RNN,ICP,0.2,0.5468036529680366,11.864686965942385
587,9,San_Mateo,RNN,Weighted_ICP,0.2,0.5406678082191779,11.56491756439209
588,9,San_Mateo,RidgeCV,Ensemble,0.25,0.7246004566210046,167.59575449246645
589,9,San_Mateo,RidgeCV,ICP,0.25,0.3975456621004566,67.30731441435732
590,9,San_Mateo,RidgeCV,Weighted_ICP,0.25,0.3984018264840183,70.11484390665936
591,9,San_Mateo,RandomForestRegressor,Ensemble,0.25,0.7454337899543378,53.98599040407328
592,9,San_Mateo,RandomForestRegressor,ICP,0.25,0.6322773972602739,25.93258426966286
593,9,San_Mateo,RandomForestRegressor,Weighted_ICP,0.25,0.6218607305936074,25.04379997612996
594,9,San_Mateo,Sequential,Ensemble,0.25,0.7525684931506851,59.59123317029993
595,9,San_Mateo,Sequential,ICP,0.25,0.6459760273972602,21.989688873291016
596,9,San_Mateo,Sequential,Weighted_ICP,0.25,0.7044805936073059,31.389461517333984
597,9,San_Mateo,RNN,Ensemble,0.25,0.7401541095890408,66.20677237486002
598,9,San_Mateo,RNN,ICP,0.25,0.5445205479452054,10.093576431274414
599,9,San_Mateo,RNN,Weighted_ICP,0.25,0.5349600456621004,10.916768074035645
0,0,San_Mateo,,ARIMA,0.05,0.9198059360730594,105.24363816797475
1,0,San_Mateo,,ARIMA,0.1,0.8948344748858448,88.32324538596242
2,0,San_Mateo,,ARIMA,0.15000000000000002,0.8758561643835616,77.29811897255469
3,0,San_Mateo,,ARIMA,0.2,0.8477454337899544,68.8151161560524
4,0,San_Mateo,,ARIMA,0.25,0.819920091324201,61.769989096738406
