itrial,dataname,muh_fun,method,train_size,coverage,width
0,Santa_Clara,RidgeCV,Ensemble,876,0.8820395738203958,436.18075181138687
0,Santa_Clara,RidgeCV,ICP,876,0.4550989345509893,92.38937473789218
0,Santa_Clara,RidgeCV,Weighted_ICP,876,0.5145865043125317,102.871389799404
0,Santa_Clara,RandomForestRegressor,Ensemble,876,0.8933282597666159,110.51029470378407
0,Santa_Clara,RandomForestRegressor,ICP,876,0.863013698630137,111.9675724637845
0,Santa_Clara,RandomForestRegressor,Weighted_ICP,876,0.8170979198376459,70.33448529411885
0,Santa_Clara,NeuralNet,Ensemble,876,0.8947234906139016,138.80007734419146
0,Santa_Clara,NeuralNet,ICP,876,0.6797311009639777,43.9062385559082
0,Santa_Clara,NeuralNet,Weighted_ICP,876,0.7350329781836631,51.835609436035156
0,Santa_Clara,RNN,Ensemble,876,0.8914256722475901,131.696533406066
0,Santa_Clara,RNN,ICP,876,0.5832064941653983,17.78707504272461
0,Santa_Clara,RNN,Weighted_ICP,876,0.6251902587519026,23.826778411865234
0,Santa_Clara,RidgeCV,Ensemble,1654,0.8860118209963411,250.09997869203073
0,Santa_Clara,RidgeCV,ICP,1654,0.5831691528285956,108.5234605382805
0,Santa_Clara,RidgeCV,Weighted_ICP,1654,0.5424992963692654,109.2543061213028
0,Santa_Clara,RandomForestRegressor,Ensemble,1654,0.8992400788066423,136.2028464376394
0,Santa_Clara,RandomForestRegressor,ICP,1654,0.8374613003095975,96.84511278196324
0,Santa_Clara,RandomForestRegressor,Weighted_ICP,1654,0.809316070925978,71.0
0,Santa_Clara,NeuralNet,Ensemble,1654,0.884463833380242,125.62786957503666
0,Santa_Clara,NeuralNet,ICP,1654,0.7096819589079651,34.17167663574219
0,Santa_Clara,NeuralNet,Weighted_ICP,1654,0.773149451168027,49.79264831542969
0,Santa_Clara,RNN,Ensemble,1654,0.8791162397973543,172.1414038168572
0,Santa_Clara,RNN,ICP,1654,0.5868280326484661,18.67949104309082
0,Santa_Clara,RNN,Weighted_ICP,1654,0.5738812271320011,17.68790626525879
0,Santa_Clara,RidgeCV,Ensemble,2433,0.8651809704441283,320.8909399462396
0,Santa_Clara,RidgeCV,ICP,2433,0.6077129761340287,137.23886435933647
0,Santa_Clara,RidgeCV,Weighted_ICP,2433,0.5653548285127232,130.0281131456135
0,Santa_Clara,RandomForestRegressor,Ensemble,2433,0.9125968073336495,112.14535379154701
0,Santa_Clara,RandomForestRegressor,ICP,2433,0.8912596807333649,121.94811715480392
0,Santa_Clara,RandomForestRegressor,Weighted_ICP,2433,0.893630472577841,102.02643171806244
0,Santa_Clara,NeuralNet,Ensemble,2433,0.8947368421052632,102.93901700943162
0,Santa_Clara,NeuralNet,ICP,2433,0.8368895211000474,60.98952102661133
0,Santa_Clara,NeuralNet,Weighted_ICP,2433,0.8304093567251462,56.028499603271484
0,Santa_Clara,RNN,Ensemble,2433,0.8722933459775565,159.39412949897334
0,Santa_Clara,RNN,ICP,2433,0.6421684842737474,32.21998977661133
0,Santa_Clara,RNN,Weighted_ICP,2433,0.6500711237553343,35.7301139831543
1,Santa_Clara,RidgeCV,Ensemble,876,0.8806443429731101,436.81754025149866
1,Santa_Clara,RidgeCV,ICP,876,0.4537037037037037,89.09174114594602
1,Santa_Clara,RidgeCV,Weighted_ICP,876,0.4704464738711314,96.5802437962346
1,Santa_Clara,RandomForestRegressor,Ensemble,876,0.8961187214611872,107.9687957065582
1,Santa_Clara,RandomForestRegressor,ICP,876,0.8361237950279046,89.6588761175087
1,Santa_Clara,RandomForestRegressor,Weighted_ICP,876,0.8909183155758498,98.0
1,Santa_Clara,NeuralNet,Ensemble,876,0.8951040081177067,132.12230318253262
1,Santa_Clara,NeuralNet,ICP,876,0.6472602739726028,33.84279251098633
1,Santa_Clara,NeuralNet,Weighted_ICP,876,0.7157534246575342,47.897438049316406
1,Santa_Clara,RNN,Ensemble,876,0.8943429731100964,132.77078046473554
1,Santa_Clara,RNN,ICP,876,0.5788939624556063,26.590011596679688
1,Santa_Clara,RNN,Weighted_ICP,876,0.5881532217148655,22.634902954101562
1,Santa_Clara,RidgeCV,Ensemble,1654,0.8879819870531945,255.36504935261465
1,Santa_Clara,RidgeCV,ICP,1654,0.5574162679425837,103.71739926087713
1,Santa_Clara,RidgeCV,Weighted_ICP,1654,0.5395440472839854,106.36133870182984
1,Santa_Clara,RandomForestRegressor,Ensemble,1654,0.8989586265128061,136.29974917942891
1,Santa_Clara,RandomForestRegressor,ICP,1654,0.8253588516746412,81.44881889763842
1,Santa_Clara,RandomForestRegressor,Weighted_ICP,1654,0.810723332395159,70.92537313432257
1,Santa_Clara,NeuralNet,Ensemble,1654,0.8889670700816211,117.41124673229666
1,Santa_Clara,NeuralNet,ICP,1654,0.7828595553053758,50.844417572021484
1,Santa_Clara,NeuralNet,Weighted_ICP,1654,0.7640022516183507,47.772186279296875
1,Santa_Clara,RNN,Ensemble,1654,0.8810864058542077,128.7729734073763
1,Santa_Clara,RNN,ICP,1654,0.6089220377146074,28.281494140625
1,Santa_Clara,RNN,Weighted_ICP,1654,0.6305938643399944,22.375402450561523
1,Santa_Clara,RidgeCV,Ensemble,2433,0.8654970760233918,320.8902413412425
1,Santa_Clara,RidgeCV,ICP,2433,0.6205152520941994,136.62100347193217
1,Santa_Clara,RidgeCV,Weighted_ICP,2433,0.5966492808598072,132.9459728333173
1,Santa_Clara,RandomForestRegressor,Ensemble,2433,0.9138612296507034,115.86412115977465
1,Santa_Clara,RandomForestRegressor,ICP,2433,0.899636478583847,116.03827751195303
1,Santa_Clara,RandomForestRegressor,Weighted_ICP,2433,0.8898372056266793,115.35682819383943
1,Santa_Clara,NeuralNet,Ensemble,2433,0.8892049944681524,105.85098930910009
1,Santa_Clara,NeuralNet,ICP,2433,0.823296981191718,55.47818374633789
1,Santa_Clara,NeuralNet,Weighted_ICP,2433,0.8598071755966493,62.99021530151367
1,Santa_Clara,RNN,Ensemble,2433,0.8748221906116643,153.01469046588068
1,Santa_Clara,RNN,ICP,2433,0.6755176228860439,47.43767166137695
1,Santa_Clara,RNN,Weighted_ICP,2433,0.705547652916074,37.65277099609375
2,Santa_Clara,RidgeCV,Ensemble,876,0.8814053779807205,465.1855011435374
2,Santa_Clara,RidgeCV,ICP,876,0.5186453576864536,110.98361318814572
2,Santa_Clara,RidgeCV,Weighted_ICP,876,0.46182141045154745,94.85858741266813
2,Santa_Clara,RandomForestRegressor,Ensemble,876,0.8942161339421614,107.92802728500124
2,Santa_Clara,RandomForestRegressor,ICP,876,0.91324200913242,113.82857142855322
2,Santa_Clara,RandomForestRegressor,Weighted_ICP,876,0.8633942161339422,99.34999999998588
2,Santa_Clara,NeuralNet,Ensemble,876,0.8945966514459666,112.16826041383648
2,Santa_Clara,NeuralNet,ICP,876,0.7072552004058853,47.27287673950195
2,Santa_Clara,NeuralNet,Weighted_ICP,876,0.656392694063927,32.596736907958984
2,Santa_Clara,RNN,Ensemble,876,0.8928209030948757,142.3537105241689
2,Santa_Clara,RNN,ICP,876,0.5873921867072552,19.338314056396484
2,Santa_Clara,RNN,Weighted_ICP,876,0.6103500761035008,30.937253952026367
2,Santa_Clara,RidgeCV,Ensemble,1654,0.8862932732901773,252.706753679338
2,Santa_Clara,RidgeCV,ICP,1654,0.5895018294399099,99.39889933870688
2,Santa_Clara,RidgeCV,Weighted_ICP,1654,0.5436251055446102,105.19722570304295
2,Santa_Clara,RandomForestRegressor,Ensemble,1654,0.8988179003658879,135.54135264647775
2,Santa_Clara,RandomForestRegressor,ICP,1654,0.8620883760202646,111.21813811187903
2,Santa_Clara,RandomForestRegressor,Weighted_ICP,1654,0.8374613003095975,82.23415337107207
2,Santa_Clara,NeuralNet,Ensemble,1654,0.8945961159583451,132.78888299822805
2,Santa_Clara,NeuralNet,ICP,1654,0.7495074584857867,49.12724685668945
2,Santa_Clara,NeuralNet,Weighted_ICP,1654,0.7838446383338025,56.94746398925781
2,Santa_Clara,RNN,Ensemble,1654,0.8840416549394877,156.35857987485218
2,Santa_Clara,RNN,ICP,1654,0.6681677455671263,27.307228088378906
2,Santa_Clara,RNN,Weighted_ICP,1654,0.5928792569659442,22.187829971313477
2,Santa_Clara,RidgeCV,Ensemble,2433,0.8659712343922871,315.1824079056315
2,Santa_Clara,RidgeCV,ICP,2433,0.5492334439702861,129.12649694423484
2,Santa_Clara,RidgeCV,Weighted_ICP,2433,0.5930140666982773,133.68823325948503
2,Santa_Clara,RandomForestRegressor,Ensemble,2433,0.9132290184921764,116.75599052753154
2,Santa_Clara,RandomForestRegressor,ICP,2433,0.896633475580844,106.95129533678889
2,Santa_Clara,RandomForestRegressor,Weighted_ICP,2433,0.8963173700015805,116.75760368664436
2,Santa_Clara,NeuralNet,Ensemble,2433,0.8885727833096254,107.34516767529053
2,Santa_Clara,NeuralNet,ICP,2433,0.8553816974869607,68.7258529663086
2,Santa_Clara,NeuralNet,Weighted_ICP,2433,0.8458985301090565,65.34575653076172
2,Santa_Clara,RNN,Ensemble,2433,0.8707128180812391,148.12984123089717
2,Santa_Clara,RNN,ICP,2433,0.6985933301722775,36.78145980834961
2,Santa_Clara,RNN,Weighted_ICP,2433,0.6782045203097835,32.87622833251953
3,Santa_Clara,RidgeCV,Ensemble,876,0.8833079654997463,419.7106326735771
3,Santa_Clara,RidgeCV,ICP,876,0.4547184170471842,88.25496285780218
3,Santa_Clara,RidgeCV,Weighted_ICP,876,0.4895991882293252,99.83384728831207
3,Santa_Clara,RandomForestRegressor,Ensemble,876,0.895611364789447,108.22314841329853
3,Santa_Clara,RandomForestRegressor,ICP,876,0.8554033485540334,102.9543138668735
3,Santa_Clara,RandomForestRegressor,Weighted_ICP,876,0.8498224251648909,97.11428571430245
3,Santa_Clara,NeuralNet,Ensemble,876,0.8963723997970573,124.7490338107285
3,Santa_Clara,NeuralNet,ICP,876,0.710806697108067,47.8211555480957
3,Santa_Clara,NeuralNet,Weighted_ICP,876,0.6995180111618468,44.42817687988281
3,Santa_Clara,RNN,Ensemble,876,0.8887620497209539,135.91791853351737
3,Santa_Clara,RNN,ICP,876,0.5906900050735667,18.906147003173828
3,Santa_Clara,RNN,Weighted_ICP,876,0.6028665651953323,20.416706085205078
3,Santa_Clara,RidgeCV,Ensemble,1654,0.8868561778778496,249.31115528314265
3,Santa_Clara,RidgeCV,ICP,1654,0.5799324514494794,106.17947683712968
3,Santa_Clara,RidgeCV,Weighted_ICP,1654,0.6073740500985083,110.38511524465854
3,Santa_Clara,RandomForestRegressor,Ensemble,1654,0.8993808049535603,135.52363004601452
3,Santa_Clara,RandomForestRegressor,ICP,1654,0.858429496200394,108.91969739423779
3,Santa_Clara,RandomForestRegressor,Weighted_ICP,1654,0.8052350126653532,77.87048951048509
3,Santa_Clara,NeuralNet,Ensemble,1654,0.8952997466929355,109.75744034376967
3,Santa_Clara,NeuralNet,ICP,1654,0.8133971291866029,56.228878021240234
3,Santa_Clara,NeuralNet,Weighted_ICP,1654,0.794821277793414,53.364356994628906
3,Santa_Clara,RNN,Ensemble,1654,0.8853081902617507,147.13173495575347
3,Santa_Clara,RNN,ICP,1654,0.6553616661975795,30.57901382446289
3,Santa_Clara,RNN,Weighted_ICP,1654,0.611314382212215,24.844932556152344
3,Santa_Clara,RidgeCV,Ensemble,2433,0.8654970760233918,317.37798321849635
3,Santa_Clara,RidgeCV,ICP,2433,0.583530899320373,125.57553188588119
3,Santa_Clara,RidgeCV,Weighted_ICP,2433,0.6081871345029239,131.78311168871713
3,Santa_Clara,RandomForestRegressor,Ensemble,2433,0.9118065433854907,107.73498637117095
3,Santa_Clara,RandomForestRegressor,ICP,2433,0.8571202781729097,154.35279810833572
3,Santa_Clara,RandomForestRegressor,Weighted_ICP,2433,0.9009009009009009,112.65568112771645
3,Santa_Clara,NeuralNet,Ensemble,2433,0.8922079974711553,101.10528998952407
3,Santa_Clara,NeuralNet,ICP,2433,0.8811443021969337,64.94734954833984
3,Santa_Clara,NeuralNet,Weighted_ICP,2433,0.8980559506875296,76.10185241699219
3,Santa_Clara,RNN,Ensemble,2433,0.8715030820293979,154.36139285285964
3,Santa_Clara,RNN,ICP,2433,0.6650861387703493,35.204219818115234
3,Santa_Clara,RNN,Weighted_ICP,2433,0.6723565670934092,35.97239303588867
4,Santa_Clara,RidgeCV,Ensemble,876,0.8820395738203958,432.9642806753579
4,Santa_Clara,RidgeCV,ICP,876,0.4682902080162354,100.88214518324132
4,Santa_Clara,RidgeCV,Weighted_ICP,876,0.49898528665651953,101.46292407776002
4,Santa_Clara,RandomForestRegressor,Ensemble,876,0.8958650431253171,108.80102561558411
4,Santa_Clara,RandomForestRegressor,ICP,876,0.8531202435312024,99.94444444445806
4,Santa_Clara,RandomForestRegressor,Weighted_ICP,876,0.8685946220192795,103.06332288402345
4,Santa_Clara,NeuralNet,Ensemble,876,0.897767630644343,134.1238297682931
4,Santa_Clara,NeuralNet,ICP,876,0.6515728056823947,36.500179290771484
4,Santa_Clara,NeuralNet,Weighted_ICP,876,0.7584982242516489,59.74306106567383
4,Santa_Clara,RNN,Ensemble,876,0.8900304414003044,139.73165614377476
4,Santa_Clara,RNN,ICP,876,0.6106037544393709,32.112457275390625
4,Santa_Clara,RNN,Weighted_ICP,876,0.6139015728056824,24.968687057495117
4,Santa_Clara,RidgeCV,Ensemble,1654,0.8862932732901773,259.68562342197055
4,Santa_Clara,RidgeCV,ICP,1654,0.5994933858710948,104.93664298121188
4,Santa_Clara,RidgeCV,Weighted_ICP,1654,0.5482690683929075,109.2326343773462
4,Santa_Clara,RandomForestRegressor,Ensemble,1654,0.8996622572473966,133.88133773456968
4,Santa_Clara,RandomForestRegressor,ICP,1654,0.8207148888263439,77.69599999999693
4,Santa_Clara,RandomForestRegressor,Weighted_ICP,1654,0.8298620883760203,91.93823529411762
4,Santa_Clara,NeuralNet,Ensemble,1654,0.9069800168871376,123.00738301293575
4,Santa_Clara,NeuralNet,ICP,1654,0.7927103855896426,57.92991256713867
4,Santa_Clara,NeuralNet,Weighted_ICP,1654,0.7479594708696876,47.42780303955078
4,Santa_Clara,RNN,Ensemble,1654,0.8855896425555868,161.924188588548
4,Santa_Clara,RNN,ICP,1654,0.5862651280607937,21.42145538330078
4,Santa_Clara,RNN,Weighted_ICP,1654,0.5972417675204053,20.61592674255371
4,Santa_Clara,RidgeCV,Ensemble,2433,0.8659712343922871,322.13379720359933
4,Santa_Clara,RidgeCV,ICP,2433,0.5754702070491544,134.74558081661448
4,Santa_Clara,RidgeCV,Weighted_ICP,2433,0.5596649280859807,134.48142682715073
4,Santa_Clara,RandomForestRegressor,Ensemble,2433,0.914651493598862,125.89937197044908
4,Santa_Clara,RandomForestRegressor,ICP,2433,0.9048522206416943,123.01705600902402
4,Santa_Clara,RandomForestRegressor,Weighted_ICP,2433,0.892998261419314,108.95675675675737
4,Santa_Clara,NeuralNet,Ensemble,2433,0.892998261419314,98.5056329916803
4,Santa_Clara,NeuralNet,ICP,2433,0.8745060850324008,66.71934509277344
4,Santa_Clara,NeuralNet,Weighted_ICP,2433,0.8476371107950055,62.44770431518555
4,Santa_Clara,RNN,Ensemble,2433,0.869606448553817,145.60974267407968
4,Santa_Clara,RNN,ICP,2433,0.6053421842895527,25.5921688079834
4,Santa_Clara,RNN,Weighted_ICP,2433,0.6450134344871187,27.505857467651367
5,Santa_Clara,RidgeCV,Ensemble,876,0.8816590563165906,433.79026394617057
5,Santa_Clara,RidgeCV,ICP,876,0.4689244038559107,101.0064270989951
5,Santa_Clara,RidgeCV,Weighted_ICP,876,0.4972095383054287,97.24955496075361
5,Santa_Clara,RandomForestRegressor,Ensemble,876,0.8961187214611872,108.60671819138992
5,Santa_Clara,RandomForestRegressor,ICP,876,0.8177321156773212,80.2657927590553
5,Santa_Clara,RandomForestRegressor,Weighted_ICP,876,0.8309233891425672,78.7517073170747
5,Santa_Clara,NeuralNet,Ensemble,876,0.8951040081177067,127.67854260474907
5,Santa_Clara,NeuralNet,ICP,876,0.6704718417047184,39.813148498535156
5,Santa_Clara,NeuralNet,Weighted_ICP,876,0.6910197869101978,46.03107452392578
5,Santa_Clara,RNN,Ensemble,876,0.8945966514459666,125.34184777584925
5,Santa_Clara,RNN,ICP,876,0.5731861998985287,18.999662399291992
5,Santa_Clara,RNN,Weighted_ICP,876,0.571537290715373,16.982559204101562
5,Santa_Clara,RidgeCV,Ensemble,1654,0.8868561778778496,256.0860639923539
5,Santa_Clara,RidgeCV,ICP,1654,0.5712074303405573,102.75215165878988
5,Santa_Clara,RidgeCV,Weighted_ICP,1654,0.5263157894736842,107.72923024930869
5,Santa_Clara,RandomForestRegressor,Ensemble,1654,0.8981142696312975,138.49823917178165
5,Santa_Clara,RandomForestRegressor,ICP,1654,0.8346467773712356,82.12191684284029
5,Santa_Clara,RandomForestRegressor,Weighted_ICP,1654,0.813537855333521,76.72340425533257
5,Santa_Clara,NeuralNet,Ensemble,1654,0.9085280045032367,114.37378640394735
5,Santa_Clara,NeuralNet,ICP,1654,0.7313537855333521,41.5321044921875
5,Santa_Clara,NeuralNet,Weighted_ICP,1654,0.747255840135097,45.41595458984375
5,Santa_Clara,RNN,Ensemble,1654,0.8826343934703068,153.28244620463047
5,Santa_Clara,RNN,ICP,1654,0.6173656065296932,23.812807083129883
5,Santa_Clara,RNN,Weighted_ICP,1654,0.6526878694061357,25.577062606811523
5,Santa_Clara,RidgeCV,Ensemble,2433,0.8648648648648649,322.8203730762748
5,Santa_Clara,RidgeCV,ICP,2433,0.5941204362256994,136.41937259794258
5,Santa_Clara,RidgeCV,Weighted_ICP,2433,0.5852694800063221,129.60046440048387
5,Santa_Clara,RandomForestRegressor,Ensemble,2433,0.9127548601232812,118.02889130856009
5,Santa_Clara,RandomForestRegressor,ICP,2433,0.8890469416785206,114.24588744587643
5,Santa_Clara,RandomForestRegressor,Weighted_ICP,2433,0.8953690532637901,106.20192307692092
5,Santa_Clara,NeuralNet,Ensemble,2433,0.8903113639955745,106.69852825315557
5,Santa_Clara,NeuralNet,ICP,2433,0.8215584005057689,58.81184387207031
5,Santa_Clara,NeuralNet,Weighted_ICP,2433,0.8620199146514936,71.52403259277344
5,Santa_Clara,RNN,Ensemble,2433,0.8658131816026553,144.91361010711546
5,Santa_Clara,RNN,ICP,2433,0.6467520151730678,34.032379150390625
5,Santa_Clara,RNN,Weighted_ICP,2433,0.6892682155840051,34.890628814697266
6,Santa_Clara,RidgeCV,Ensemble,876,0.8815322171486555,429.68033934278174
6,Santa_Clara,RidgeCV,ICP,876,0.5407153729071538,108.24148246188388
6,Santa_Clara,RidgeCV,Weighted_ICP,876,0.4611872146118721,94.40568340780104
6,Santa_Clara,RandomForestRegressor,Ensemble,876,0.8949771689497716,109.38590101629144
6,Santa_Clara,RandomForestRegressor,ICP,876,0.9053779807204465,110.89000000001178
6,Santa_Clara,RandomForestRegressor,Weighted_ICP,876,0.90220700152207,113.95604395602035
6,Santa_Clara,NeuralNet,Ensemble,876,0.895611364789447,100.11713424922182
6,Santa_Clara,NeuralNet,ICP,876,0.7416286149162862,46.77018356323242
6,Santa_Clara,NeuralNet,Weighted_ICP,876,0.7053526128868595,38.5440788269043
6,Santa_Clara,RNN,Ensemble,876,0.8909183155758498,131.47554840131104
6,Santa_Clara,RNN,ICP,876,0.60882800608828,23.46881866455078
6,Santa_Clara,RNN,Weighted_ICP,876,0.6071790969051243,21.54677963256836
6,Santa_Clara,RidgeCV,Ensemble,1654,0.8851674641148325,251.82179600510744
6,Santa_Clara,RidgeCV,ICP,1654,0.5799324514494794,106.5255972247009
6,Santa_Clara,RidgeCV,Weighted_ICP,1654,0.6142696312974951,114.56134806597566
6,Santa_Clara,RandomForestRegressor,Ensemble,1654,0.8988179003658879,137.83900545057122
6,Santa_Clara,RandomForestRegressor,ICP,1654,0.848297213622291,103.359375
6,Santa_Clara,RandomForestRegressor,Weighted_ICP,1654,0.8031241204615818,76.03501625136528
6,Santa_Clara,NeuralNet,Ensemble,1654,0.8888263439347031,138.12770470091894
6,Santa_Clara,NeuralNet,ICP,1654,0.7721643681396003,51.70972442626953
6,Santa_Clara,NeuralNet,Weighted_ICP,1654,0.793414016324233,58.353614807128906
6,Santa_Clara,RNN,Ensemble,1654,0.8934703067830003,163.8946356247561
6,Santa_Clara,RNN,ICP,1654,0.602589361103293,23.33429527282715
6,Santa_Clara,RNN,Weighted_ICP,1654,0.6173656065296932,22.687498092651367
6,Santa_Clara,RidgeCV,Ensemble,2433,0.8658131816026553,320.14304310294966
6,Santa_Clara,RidgeCV,ICP,2433,0.5819503714240556,131.07577249396175
6,Santa_Clara,RidgeCV,Weighted_ICP,2433,0.6026552868658132,130.5851869954583
6,Santa_Clara,RandomForestRegressor,Ensemble,2433,0.9135451240714398,113.11670421720721
6,Santa_Clara,RandomForestRegressor,ICP,2433,0.8917338391022601,96.66055045870849
6,Santa_Clara,RandomForestRegressor,Weighted_ICP,2433,0.8983720562667931,101.46403940887049
6,Santa_Clara,NeuralNet,Ensemble,2433,0.894262683736368,103.7665343831184
6,Santa_Clara,NeuralNet,ICP,2433,0.823929192350245,57.92646408081055
6,Santa_Clara,NeuralNet,Weighted_ICP,2433,0.8240872451398767,58.52903366088867
6,Santa_Clara,RNN,Ensemble,2433,0.8697645013434487,156.28635611845127
6,Santa_Clara,RNN,ICP,2433,0.6233602023075707,27.94733428955078
6,Santa_Clara,RNN,Weighted_ICP,2433,0.6190927769875139,30.910491943359375
7,Santa_Clara,RidgeCV,Ensemble,876,0.8802638254693049,447.62062076947944
7,Santa_Clara,RidgeCV,ICP,876,0.46626078132927445,92.12228333123232
7,Santa_Clara,RidgeCV,Weighted_ICP,876,0.42643328259766616,100.77605033351576
7,Santa_Clara,RandomForestRegressor,Ensemble,876,0.8952308472856418,108.71829003664924
7,Santa_Clara,RandomForestRegressor,ICP,876,0.8310502283105022,76.6352941176536
7,Santa_Clara,RandomForestRegressor,Weighted_ICP,876,0.8297818366311517,89.90000000001315
7,Santa_Clara,NeuralNet,Ensemble,876,0.893455098934551,137.37455818604815
7,Santa_Clara,NeuralNet,ICP,876,0.6765601217656012,39.565589904785156
7,Santa_Clara,NeuralNet,Weighted_ICP,876,0.6160578386605784,27.140911102294922
7,Santa_Clara,RNN,Ensemble,876,0.8874936580416033,123.03800429272297
7,Santa_Clara,RNN,ICP,876,0.610857432775241,23.817951202392578
7,Santa_Clara,RNN,Weighted_ICP,876,0.6126331811263318,26.629648208618164
7,Santa_Clara,RidgeCV,Ensemble,1654,0.8858710948494231,254.85575640620283
7,Santa_Clara,RidgeCV,ICP,1654,0.5758513931888545,112.71315670021978
7,Santa_Clara,RidgeCV,Weighted_ICP,1654,0.6168027019420208,108.49948913576978
7,Santa_Clara,RandomForestRegressor,Ensemble,1654,0.8982549957782155,136.84362093244374
7,Santa_Clara,RandomForestRegressor,ICP,1654,0.8194483535040811,86.37565031984117
7,Santa_Clara,RandomForestRegressor,Weighted_ICP,1654,0.8090346186321419,71.0933333333263
7,Santa_Clara,NeuralNet,Ensemble,1654,0.8846045595271601,121.5073357167748
7,Santa_Clara,NeuralNet,ICP,1654,0.7943990993526597,56.62548828125
7,Santa_Clara,NeuralNet,Weighted_ICP,1654,0.7784970447509147,54.78371810913086
7,Santa_Clara,RNN,Ensemble,1654,0.8871376301716859,161.1723498088376
7,Santa_Clara,RNN,ICP,1654,0.6016042780748663,22.990636825561523
7,Santa_Clara,RNN,Weighted_ICP,1654,0.6327047565437658,28.410133361816406
7,Santa_Clara,RidgeCV,Ensemble,2433,0.8653390232337601,322.85592066040385
7,Santa_Clara,RidgeCV,ICP,2433,0.6077129761340287,132.15672491619114
7,Santa_Clara,RidgeCV,Weighted_ICP,2433,0.5814762130551604,132.25974189722226
7,Santa_Clara,RandomForestRegressor,Ensemble,2433,0.9132290184921764,108.8337089206462
7,Santa_Clara,RandomForestRegressor,ICP,2433,0.9042200094831674,112.77884615386246
7,Santa_Clara,RandomForestRegressor,Weighted_ICP,2433,0.8923660502607871,103.39914163090009
7,Santa_Clara,NeuralNet,Ensemble,2433,0.899636478583847,100.03047291643328
7,Santa_Clara,NeuralNet,ICP,2433,0.8462146356883199,60.26020431518555
7,Santa_Clara,NeuralNet,Weighted_ICP,2433,0.7875770507349454,49.82533645629883
7,Santa_Clara,RNN,Ensemble,2433,0.8735577682946104,157.24053617758517
7,Santa_Clara,RNN,ICP,2433,0.7094989726568673,34.14174270629883
7,Santa_Clara,RNN,Weighted_ICP,2433,0.6281017859965229,28.484039306640625
8,Santa_Clara,RidgeCV,Ensemble,876,0.8807711821410451,431.424844059485
8,Santa_Clara,RidgeCV,ICP,876,0.4942922374429224,103.88025746355763
8,Santa_Clara,RidgeCV,Weighted_ICP,876,0.47095383054287165,93.48001314194936
8,Santa_Clara,RandomForestRegressor,Ensemble,876,0.8932014205986809,107.29276595357001
8,Santa_Clara,RandomForestRegressor,ICP,876,0.8378995433789954,82.07911585364785
8,Santa_Clara,RandomForestRegressor,Weighted_ICP,876,0.8886352105530188,111.03893805307742
8,Santa_Clara,NeuralNet,Ensemble,876,0.897767630644343,313.4255454084221
8,Santa_Clara,NeuralNet,ICP,876,0.8754439370877727,274.61395263671875
8,Santa_Clara,NeuralNet,Weighted_ICP,876,0.869482496194825,268.2208251953125
8,Santa_Clara,RNN,Ensemble,876,0.895738203957382,134.4805312671476
8,Santa_Clara,RNN,ICP,876,0.6119989852866565,30.453052520751953
8,Santa_Clara,RNN,Weighted_ICP,876,0.5861237950279046,19.124914169311523
8,Santa_Clara,RidgeCV,Ensemble,1654,0.887278356318604,259.5813620443708
8,Santa_Clara,RidgeCV,ICP,1654,0.5094286518435125,104.25468875324785
8,Santa_Clara,RidgeCV,Weighted_ICP,1654,0.5500985083028427,102.08669388411673
8,Santa_Clara,RandomForestRegressor,Ensemble,1654,0.900225161835069,134.35852092914533
8,Santa_Clara,RandomForestRegressor,ICP,1654,0.8249366732338869,78.84212165449581
8,Santa_Clara,RandomForestRegressor,Weighted_ICP,1654,0.7931325640303969,70.84615384614196
8,Santa_Clara,NeuralNet,Ensemble,1654,0.8860118209963411,125.42904060117702
8,Santa_Clara,NeuralNet,ICP,1654,0.8564593301435407,80.86931610107422
8,Santa_Clara,NeuralNet,Weighted_ICP,1654,0.7663945961159584,46.35312271118164
8,Santa_Clara,RNN,Ensemble,1654,0.8922037714607374,172.14279440129786
8,Santa_Clara,RNN,ICP,1654,0.5986490289895863,22.073150634765625
8,Santa_Clara,RNN,Weighted_ICP,1654,0.6055446101885731,22.619922637939453
8,Santa_Clara,RidgeCV,Ensemble,2433,0.8659712343922871,321.1621838284035
8,Santa_Clara,RidgeCV,ICP,2433,0.6394815868500079,134.9627850039329
8,Santa_Clara,RidgeCV,Weighted_ICP,2433,0.5753121542595226,127.14576560560829
8,Santa_Clara,RandomForestRegressor,Ensemble,2433,0.9137031768610716,120.17925442984276
8,Santa_Clara,RandomForestRegressor,ICP,2433,0.8926821558400506,110.66395939086577
8,Santa_Clara,RandomForestRegressor,Weighted_ICP,2433,0.9039039039039038,114.07999999999241
8,Santa_Clara,NeuralNet,Ensemble,2433,0.8925241030504188,110.63019488310763
8,Santa_Clara,NeuralNet,ICP,2433,0.8386281017859966,62.122554779052734
8,Santa_Clara,NeuralNet,Weighted_ICP,2433,0.8308835150940415,59.43684768676758
8,Santa_Clara,RNN,Ensemble,2433,0.8711869764501343,144.49505297245622
8,Santa_Clara,RNN,ICP,2433,0.6450134344871187,30.260295867919922
8,Santa_Clara,RNN,Weighted_ICP,2433,0.7286233602023076,39.065887451171875
9,Santa_Clara,RidgeCV,Ensemble,876,0.8800101471334348,451.55466526025947
9,Santa_Clara,RidgeCV,ICP,876,0.43277524099441905,97.3288377334736
9,Santa_Clara,RidgeCV,Weighted_ICP,876,0.4813546423135464,96.65234888927093
9,Santa_Clara,RandomForestRegressor,Ensemble,876,0.8958650431253171,109.33434250902046
9,Santa_Clara,RandomForestRegressor,ICP,876,0.8874936580416033,117.27272727271281
9,Santa_Clara,RandomForestRegressor,Weighted_ICP,876,0.9023338406900051,110.24719101121595
9,Santa_Clara,NeuralNet,Ensemble,876,0.8942161339421614,149.153396534965
9,Santa_Clara,NeuralNet,ICP,876,0.5971588026382547,25.000974655151367
9,Santa_Clara,NeuralNet,Weighted_ICP,876,0.6908929477422628,44.96603012084961
9,Santa_Clara,RNN,Ensemble,876,0.8926940639269406,130.41278188805822
9,Santa_Clara,RNN,ICP,876,0.5833333333333334,18.818994522094727
9,Santa_Clara,RNN,Weighted_ICP,876,0.6059107052257737,21.108989715576172
9,Santa_Clara,RidgeCV,Ensemble,1654,0.8860118209963411,253.58413552611464
9,Santa_Clara,RidgeCV,ICP,1654,0.5949901491697157,109.75745809843391
9,Santa_Clara,RidgeCV,Weighted_ICP,1654,0.5980861244019139,101.98181841327954
9,Santa_Clara,RandomForestRegressor,Ensemble,1654,0.8989586265128061,136.01942408257702
9,Santa_Clara,RandomForestRegressor,ICP,1654,0.8650436251055446,112.85496183205457
9,Santa_Clara,RandomForestRegressor,Weighted_ICP,1654,0.8378834787503519,85.13333333334026
9,Santa_Clara,NeuralNet,Ensemble,1654,0.8878412609062764,135.33499293336044
9,Santa_Clara,NeuralNet,ICP,1654,0.7364199268224036,40.42328643798828
9,Santa_Clara,NeuralNet,Weighted_ICP,1654,0.7858148043906558,52.96874237060547
9,Santa_Clara,RNN,Ensemble,1654,0.884323107233324,140.6111864203987
9,Santa_Clara,RNN,ICP,1654,0.6144103574444132,22.18758201599121
9,Santa_Clara,RNN,Weighted_ICP,1654,0.5796509991556431,19.85089683532715
9,Santa_Clara,RidgeCV,Ensemble,2433,0.8651809704441283,320.1559375295778
9,Santa_Clara,RidgeCV,ICP,2433,0.6167219851430378,125.42748176955334
9,Santa_Clara,RidgeCV,Weighted_ICP,2433,0.5770507349454718,131.21545393768645
9,Santa_Clara,RandomForestRegressor,Ensemble,2433,0.9124387545440177,111.24425670443136
9,Santa_Clara,RandomForestRegressor,ICP,2433,0.9053263790105895,117.94507556020386
9,Santa_Clara,RandomForestRegressor,Weighted_ICP,2433,0.8945787893156314,106.74790697673721
9,Santa_Clara,NeuralNet,Ensemble,2433,0.8925241030504188,107.82369431199703
9,Santa_Clara,NeuralNet,ICP,2433,0.8950529476845266,72.14769744873047
9,Santa_Clara,NeuralNet,Weighted_ICP,2433,0.8267741425636163,53.653419494628906
9,Santa_Clara,RNN,Ensemble,2433,0.8685000790263948,163.24840584693877
9,Santa_Clara,RNN,ICP,2433,0.6431168010115379,27.95888900756836
9,Santa_Clara,RNN,Weighted_ICP,2433,0.6404299035877983,30.219833374023438
