index,itrial,dataname,muh_fun,method,train_size,coverage,width,Unnamed: 0
0,0,Solar_Atl,RidgeCV,Ensemble,876,0.8845763571790969,255.8685614913471,
1,0,Solar_Atl,RandomForestRegressor,Ensemble,876,0.9005580923389143,247.9830885158751,
2,0,Solar_Atl,NeuralNet,Ensemble,876,0.89117199391172,256.05318236268147,
3,0,Solar_Atl,RNN,Ensemble,876,0.8919330289193302,247.4717360648592,
4,0,Solar_Atl,RidgeCV,Ensemble,1654,0.8885448916408669,277.06178813409923,
5,0,Solar_Atl,RandomForestRegressor,Ensemble,1654,0.8978328173374613,267.63599248612536,
6,0,Solar_Atl,NeuralNet,Ensemble,1654,0.8975513650436251,258.7373212595142,
7,0,Solar_Atl,RNN,Ensemble,1654,0.8964255558682803,262.57616041685964,
8,0,Solar_Atl,RidgeCV,Ensemble,2433,0.8907855223644697,288.16842382728555,
9,0,Solar_Atl,RandomForestRegressor,Ensemble,2433,0.9132290184921764,280.9940699344595,
10,0,Solar_Atl,NeuralNet,Ensemble,2433,0.9032716927453771,254.75251539817648,
11,0,Solar_Atl,RNN,Ensemble,2433,0.9135451240714398,276.61327328090425,
12,1,Solar_Atl,RidgeCV,Ensemble,876,0.8839421613394216,255.84862532963032,
13,1,Solar_Atl,RandomForestRegressor,Ensemble,876,0.8959918822932521,253.04490546431538,
14,1,Solar_Atl,NeuralNet,Ensemble,876,0.8906646372399797,255.16367230510915,
15,1,Solar_Atl,RNN,Ensemble,876,0.8916793505834602,247.67884130492993,
16,1,Solar_Atl,RidgeCV,Ensemble,1654,0.8879819870531945,277.0793599144596,
17,1,Solar_Atl,RandomForestRegressor,Ensemble,1654,0.8975513650436251,266.3933674219563,
18,1,Solar_Atl,NeuralNet,Ensemble,1654,0.8981142696312975,254.25807846450104,
19,1,Solar_Atl,RNN,Ensemble,1654,0.8962848297213623,262.8829712274527,
20,1,Solar_Atl,RidgeCV,Ensemble,2433,0.8909435751541015,288.44773805333097,
21,1,Solar_Atl,RandomForestRegressor,Ensemble,2433,0.9107001738580686,281.28914842435427,
22,1,Solar_Atl,NeuralNet,Ensemble,2433,0.9024814287972184,256.030129014269,
23,1,Solar_Atl,RNN,Ensemble,2433,0.913387071281808,276.9952981762069,
24,2,Solar_Atl,RidgeCV,Ensemble,876,0.8826737696600709,255.5599631538041,
25,2,Solar_Atl,RandomForestRegressor,Ensemble,876,0.8977676306443431,250.9751332143001,
26,2,Solar_Atl,NeuralNet,Ensemble,876,0.8934550989345509,255.37214672613223,
27,2,Solar_Atl,RNN,Ensemble,876,0.8921867072552004,247.7476483326266,
28,2,Solar_Atl,RidgeCV,Ensemble,1654,0.8903743315508021,276.5881165683316,
29,2,Solar_Atl,RandomForestRegressor,Ensemble,1654,0.8934703067830003,264.7718390550236,
30,2,Solar_Atl,NeuralNet,Ensemble,1654,0.8989586265128061,261.16914298685043,
31,2,Solar_Atl,RNN,Ensemble,1654,0.8964255558682803,262.78587825112305,
32,2,Solar_Atl,RidgeCV,Ensemble,2433,0.8911016279437332,288.1159865555465,
33,2,Solar_Atl,RandomForestRegressor,Ensemble,2433,0.90627469574838,278.2347906623733,
34,2,Solar_Atl,NeuralNet,Ensemble,2433,0.9012170064801645,253.02874620982155,
35,2,Solar_Atl,RNN,Ensemble,2433,0.9138612296507034,275.6058944727631,
36,3,Solar_Atl,RidgeCV,Ensemble,876,0.8850837138508372,255.51934181260867,
37,3,Solar_Atl,RandomForestRegressor,Ensemble,876,0.8972602739726028,250.33539032789932,
38,3,Solar_Atl,NeuralNet,Ensemble,876,0.8937087772704211,256.3013261009229,
39,3,Solar_Atl,RNN,Ensemble,876,0.8921867072552004,247.81802985263218,
40,3,Solar_Atl,RidgeCV,Ensemble,1654,0.8891077962285393,276.84872481094345,
41,3,Solar_Atl,RandomForestRegressor,Ensemble,1654,0.8998029833943146,267.8655539382098,
42,3,Solar_Atl,NeuralNet,Ensemble,1654,0.8978328173374613,255.66428648695359,
43,3,Solar_Atl,RNN,Ensemble,1654,0.8957219251336899,263.1329687464294,
44,3,Solar_Atl,RidgeCV,Ensemble,2433,0.8899952584163109,288.4628424093088,
45,3,Solar_Atl,RandomForestRegressor,Ensemble,2433,0.9114904378062272,279.8319077588953,
46,3,Solar_Atl,NeuralNet,Ensemble,2433,0.9046941678520626,259.5122361954964,
47,3,Solar_Atl,RNN,Ensemble,2433,0.9138612296507034,276.2577538835859,
48,4,Solar_Atl,RidgeCV,Ensemble,876,0.8847031963470321,255.5366233058868,
49,4,Solar_Atl,RandomForestRegressor,Ensemble,876,0.8954845256215119,254.6390712936405,
50,4,Solar_Atl,NeuralNet,Ensemble,876,0.8949771689497716,254.91958783866866,
51,4,Solar_Atl,RNN,Ensemble,876,0.8924403855910705,247.62373936218552,
52,4,Solar_Atl,RidgeCV,Ensemble,1654,0.8898114269631298,276.6071609165255,
53,4,Solar_Atl,RandomForestRegressor,Ensemble,1654,0.8990993526597242,267.73741330878823,
54,4,Solar_Atl,NeuralNet,Ensemble,1654,0.8990993526597242,258.88852034177415,
55,4,Solar_Atl,RNN,Ensemble,1654,0.8958626512806079,262.5800371319686,
56,4,Solar_Atl,RidgeCV,Ensemble,2433,0.8915757863126285,288.0457781246523,
57,4,Solar_Atl,RandomForestRegressor,Ensemble,2433,0.9105421210684368,280.9541431801853,
58,4,Solar_Atl,NeuralNet,Ensemble,2433,0.9023233760075864,257.29690673109644,
59,4,Solar_Atl,RNN,Ensemble,2433,0.9138612296507034,276.0690012332955,
60,5,Solar_Atl,RidgeCV,Ensemble,876,0.8841958396752917,255.8442800974185,
61,5,Solar_Atl,RandomForestRegressor,Ensemble,876,0.8966260781329275,249.9865092514817,
62,5,Solar_Atl,NeuralNet,Ensemble,876,0.8940892947742263,255.1660404094701,
63,5,Solar_Atl,RNN,Ensemble,876,0.8923135464231354,247.65895109053275,
64,5,Solar_Atl,RidgeCV,Ensemble,1654,0.8881227132001126,277.1586974771787,
65,5,Solar_Atl,RandomForestRegressor,Ensemble,1654,0.8978328173374613,267.34062280045015,
66,5,Solar_Atl,NeuralNet,Ensemble,1654,0.8995215311004785,257.23604421085463,
67,5,Solar_Atl,RNN,Ensemble,1654,0.8964255558682803,262.77297481137697,
68,5,Solar_Atl,RidgeCV,Ensemble,2433,0.8907855223644697,288.4858459648235,
69,5,Solar_Atl,RandomForestRegressor,Ensemble,2433,0.911016279437332,279.8742543319672,
70,5,Solar_Atl,NeuralNet,Ensemble,2433,0.9001106369527422,253.25310679556839,
71,5,Solar_Atl,RNN,Ensemble,2433,0.9138612296507034,275.6537957164848,
72,6,Solar_Atl,RidgeCV,Ensemble,876,0.8858447488584474,255.94510223671008,
73,6,Solar_Atl,RandomForestRegressor,Ensemble,876,0.8949771689497716,251.4911312252017,
74,6,Solar_Atl,NeuralNet,Ensemble,876,0.8916793505834602,254.5544845024356,
75,6,Solar_Atl,RNN,Ensemble,876,0.8921867072552004,247.57745915941743,
76,6,Solar_Atl,RidgeCV,Ensemble,1654,0.8900928792569659,276.7713032426942,
77,6,Solar_Atl,RandomForestRegressor,Ensemble,1654,0.8968477343090346,266.46805319177497,
78,6,Solar_Atl,NeuralNet,Ensemble,1654,0.8972699127497891,257.6734311313316,
79,6,Solar_Atl,RNN,Ensemble,1654,0.8964255558682803,262.4208572514849,
80,6,Solar_Atl,RidgeCV,Ensemble,2433,0.8907855223644697,288.0295329908504,
81,6,Solar_Atl,RandomForestRegressor,Ensemble,2433,0.9132290184921764,280.3603995077405,
82,6,Solar_Atl,NeuralNet,Ensemble,2433,0.9035877983246404,257.425100687305,
83,6,Solar_Atl,RNN,Ensemble,2433,0.9137031768610716,276.1145518883084,
84,7,Solar_Atl,RidgeCV,Ensemble,876,0.8835616438356164,255.85072060658902,
85,7,Solar_Atl,RandomForestRegressor,Ensemble,876,0.8999238964992391,246.69844678463772,
86,7,Solar_Atl,NeuralNet,Ensemble,876,0.8930745814307458,255.3534003437512,
87,7,Solar_Atl,RNN,Ensemble,876,0.8920598680872653,247.9035995870166,
88,7,Solar_Atl,RidgeCV,Ensemble,1654,0.8907965099915565,276.33804994275255,
89,7,Solar_Atl,RandomForestRegressor,Ensemble,1654,0.8990993526597242,265.91509892490893,
90,7,Solar_Atl,NeuralNet,Ensemble,1654,0.8978328173374613,253.17647243893836,
91,7,Solar_Atl,RNN,Ensemble,1654,0.8965662820151984,262.663019588939,
92,7,Solar_Atl,RidgeCV,Ensemble,2433,0.8893630472577841,288.03606854353694,
93,7,Solar_Atl,RandomForestRegressor,Ensemble,2433,0.9125968073336496,281.15918194961057,
94,7,Solar_Atl,NeuralNet,Ensemble,2433,0.901375059269796,254.11211858019996,
95,7,Solar_Atl,RNN,Ensemble,2433,0.9138612296507034,276.2089196815722,
96,8,Solar_Atl,RidgeCV,Ensemble,876,0.8849568746829021,256.0826307144991,
97,8,Solar_Atl,RandomForestRegressor,Ensemble,876,0.8984018264840182,245.27483992189758,
98,8,Solar_Atl,NeuralNet,Ensemble,876,0.8935819381024861,255.51722325771857,
99,8,Solar_Atl,RNN,Ensemble,876,0.8926940639269406,247.63968983351933,
100,8,Solar_Atl,RidgeCV,Ensemble,1654,0.8892485223754574,276.6520603510583,
101,8,Solar_Atl,RandomForestRegressor,Ensemble,1654,0.8996622572473966,266.13673097741906,
102,8,Solar_Atl,NeuralNet,Ensemble,1654,0.8971291866028708,255.0714319258286,
103,8,Solar_Atl,RNN,Ensemble,1654,0.8962848297213623,262.62069487620784,
104,8,Solar_Atl,RidgeCV,Ensemble,2433,0.8909435751541015,288.25554646395625,
105,8,Solar_Atl,RandomForestRegressor,Ensemble,2433,0.9118065433854908,281.50377746606614,
106,8,Solar_Atl,NeuralNet,Ensemble,2433,0.9024814287972184,255.58640779011483,
107,8,Solar_Atl,RNN,Ensemble,2433,0.9137031768610716,276.1977034678339,
108,9,Solar_Atl,RidgeCV,Ensemble,876,0.8850837138508372,255.88284292773682,
109,9,Solar_Atl,RandomForestRegressor,Ensemble,876,0.8967529173008625,248.94220938151142,
110,9,Solar_Atl,NeuralNet,Ensemble,876,0.8943429731100964,255.1025122392981,
111,9,Solar_Atl,RNN,Ensemble,876,0.8925672247590056,247.83604251114036,
112,9,Solar_Atl,RidgeCV,Ensemble,1654,0.8900928792569659,276.56674606256,
113,9,Solar_Atl,RandomForestRegressor,Ensemble,1654,0.8975513650436251,266.1935347698167,
114,9,Solar_Atl,NeuralNet,Ensemble,1654,0.8990993526597242,260.671085758926,
115,9,Solar_Atl,RNN,Ensemble,1654,0.8962848297213623,262.85221786180256,
116,9,Solar_Atl,RidgeCV,Ensemble,2433,0.8911016279437332,288.05988974713415,
117,9,Solar_Atl,RandomForestRegressor,Ensemble,2433,0.9118065433854908,280.1802300317891,
118,9,Solar_Atl,NeuralNet,Ensemble,2433,0.8997945313734788,253.31479052876537,
119,9,Solar_Atl,RNN,Ensemble,2433,0.9132290184921764,276.2297601647594,
90,0,Solar_Atl,RidgeCV,ICP,876,0.5788939624556063,115.63039809073229,90.0
91,0,Solar_Atl,RidgeCV,Weighted_ICP,876,0.4932775240994419,104.8077593370678,91.0
92,0,Solar_Atl,RandomForestRegressor,ICP,876,0.7666159309994927,98.10869565217388,92.0
93,0,Solar_Atl,RandomForestRegressor,Weighted_ICP,876,0.5169964485032978,122.26666666666664,93.0
94,0,Solar_Atl,NeuralNet,ICP,876,0.4476154236428209,90.322998046875,94.0
95,0,Solar_Atl,NeuralNet,Weighted_ICP,876,0.4364535768645358,83.26277923583984,95.0
96,0,Solar_Atl,RidgeCV,ICP,1654,0.6366450886574726,130.8960579354961,96.0
97,0,Solar_Atl,RidgeCV,Weighted_ICP,1654,0.6567689276667605,130.17275499118077,97.0
98,0,Solar_Atl,RandomForestRegressor,ICP,1654,0.5696594427244582,134.060819672131,98.0
99,0,Solar_Atl,RandomForestRegressor,Weighted_ICP,1654,0.5827469743878413,141.9444245676805,99.0
100,0,Solar_Atl,NeuralNet,ICP,1654,0.5609344216155362,98.84981536865234,100.0
101,0,Solar_Atl,NeuralNet,Weighted_ICP,1654,0.5698001688713763,92.3662567138672,101.0
102,0,Solar_Atl,RidgeCV,ICP,2433,0.6495969653864391,172.28801943067882,102.0
103,0,Solar_Atl,RidgeCV,Weighted_ICP,2433,0.7079184447605501,194.18760842597604,103.0
104,0,Solar_Atl,RandomForestRegressor,ICP,2433,0.5841631104788999,167.9008933357156,104.0
105,0,Solar_Atl,RandomForestRegressor,Weighted_ICP,2433,0.8484273747431642,180.00627290146915,105.0
106,0,Solar_Atl,NeuralNet,ICP,2433,0.6593962383436067,133.4337158203125,106.0
107,0,Solar_Atl,NeuralNet,Weighted_ICP,2433,0.7607080764975502,134.02476501464844,107.0
108,1,Solar_Atl,RidgeCV,ICP,876,0.5124302384576357,109.09287563414362,108.0
109,1,Solar_Atl,RidgeCV,Weighted_ICP,876,0.4906139015728057,114.36278213743141,109.0
110,1,Solar_Atl,RandomForestRegressor,ICP,876,0.5201674277016742,104.32167832167828,110.0
111,1,Solar_Atl,RandomForestRegressor,Weighted_ICP,876,0.7805682394723491,108.66253623188405,111.0
112,1,Solar_Atl,NeuralNet,ICP,876,0.4186960933536276,86.65419006347656,112.0
113,1,Solar_Atl,NeuralNet,Weighted_ICP,876,0.3958650431253171,78.23968505859375,113.0
114,1,Solar_Atl,RidgeCV,ICP,1654,0.6540951308753167,139.41062532208457,114.0
115,1,Solar_Atl,RidgeCV,Weighted_ICP,1654,0.6820996341120179,135.54321759518638,115.0
116,1,Solar_Atl,RandomForestRegressor,ICP,1654,0.8062200956937801,136.10256410256417,116.0
117,1,Solar_Atl,RandomForestRegressor,Weighted_ICP,1654,0.5538981142696313,113.5995407577498,117.0
118,1,Solar_Atl,NeuralNet,ICP,1654,0.7414860681114551,110.54364013671876,118.0
119,1,Solar_Atl,NeuralNet,Weighted_ICP,1654,0.6345341964537011,89.10794067382812,119.0
120,1,Solar_Atl,RidgeCV,ICP,2433,0.7339971550497866,193.35263992905732,120.0
121,1,Solar_Atl,RidgeCV,Weighted_ICP,2433,0.6913229018492176,180.48742609935803,121.0
122,1,Solar_Atl,RandomForestRegressor,ICP,2433,0.8507981665876403,195.7500854623967,122.0
123,1,Solar_Atl,RandomForestRegressor,Weighted_ICP,2433,0.8673937094989727,238.42389018691608,123.0
124,1,Solar_Atl,NeuralNet,ICP,2433,0.6137189821400347,122.60770416259766,124.0
125,1,Solar_Atl,NeuralNet,Weighted_ICP,2433,0.8038564880670144,126.60184478759766,125.0
126,2,Solar_Atl,RidgeCV,ICP,876,0.5300608828006088,115.35462099176635,126.0
127,2,Solar_Atl,RidgeCV,Weighted_ICP,876,0.5813039066463724,126.99457619487364,127.0
128,2,Solar_Atl,RandomForestRegressor,ICP,876,0.7975646879756468,119.30535935563827,128.0
129,2,Solar_Atl,RandomForestRegressor,Weighted_ICP,876,0.7053526128868595,130.375,129.0
130,2,Solar_Atl,NeuralNet,ICP,876,0.4077879249112126,85.516357421875,130.0
131,2,Solar_Atl,NeuralNet,Weighted_ICP,876,0.3910451547437849,75.02655029296875,131.0
132,2,Solar_Atl,RidgeCV,ICP,1654,0.6449479313256403,130.3863165761193,132.0
133,2,Solar_Atl,RidgeCV,Weighted_ICP,1654,0.6815367295243456,128.28105120776286,133.0
134,2,Solar_Atl,RandomForestRegressor,ICP,1654,0.8173374613003096,148.02909090909088,134.0
135,2,Solar_Atl,RandomForestRegressor,Weighted_ICP,1654,0.5834506051224317,138.77808219178087,135.0
136,2,Solar_Atl,NeuralNet,ICP,1654,0.5973824936673234,91.7464828491211,136.0
137,2,Solar_Atl,NeuralNet,Weighted_ICP,1654,0.6360821840698002,113.53499603271484,137.0
138,2,Solar_Atl,RidgeCV,ICP,2433,0.7076023391812866,179.33006707744724,138.0
139,2,Solar_Atl,RidgeCV,Weighted_ICP,2433,0.6946420104314841,186.58641001538345,139.0
140,2,Solar_Atl,RandomForestRegressor,ICP,2433,0.8574363837521732,179.91927083333337,140.0
141,2,Solar_Atl,RandomForestRegressor,Weighted_ICP,2433,0.83894420736526,194.85641314554002,141.0
142,2,Solar_Atl,NeuralNet,ICP,2433,0.7376323692113166,131.49183654785156,142.0
143,2,Solar_Atl,NeuralNet,Weighted_ICP,2433,0.707286233602023,128.8046875,143.0
144,3,Solar_Atl,RidgeCV,ICP,876,0.4838914256722476,111.2456870221565,144.0
145,3,Solar_Atl,RidgeCV,Weighted_ICP,876,0.5366565195332319,113.50549364614972,145.0
146,3,Solar_Atl,RandomForestRegressor,ICP,876,0.7855149670218163,108.24347826086971,146.0
147,3,Solar_Atl,RandomForestRegressor,Weighted_ICP,876,0.7645865043125317,89.64837209302324,147.0
148,3,Solar_Atl,NeuralNet,ICP,876,0.4389903602232369,87.72343444824219,148.0
149,3,Solar_Atl,NeuralNet,Weighted_ICP,876,0.4265601217656012,80.53150177001953,149.0
150,3,Solar_Atl,RidgeCV,ICP,1654,0.6853363354911343,140.37324009925828,150.0
151,3,Solar_Atl,RidgeCV,Weighted_ICP,1654,0.7295243456234168,142.89520966051478,151.0
152,3,Solar_Atl,RandomForestRegressor,ICP,1654,0.5907683647621728,146.53874538745387,152.0
153,3,Solar_Atl,RandomForestRegressor,Weighted_ICP,1654,0.8110047846889952,135.825547232221,153.0
154,3,Solar_Atl,NeuralNet,ICP,1654,0.8083309878975513,266.0,154.0
155,3,Solar_Atl,NeuralNet,Weighted_ICP,1654,0.8083309878975513,267.199951171875,155.0
156,3,Solar_Atl,RidgeCV,ICP,2433,0.7196143511932985,181.32881641188717,156.0
157,3,Solar_Atl,RidgeCV,Weighted_ICP,2433,0.6497550181760708,172.83987461420844,157.0
158,3,Solar_Atl,RandomForestRegressor,ICP,2433,0.8470048996364786,183.15151515151544,158.0
159,3,Solar_Atl,RandomForestRegressor,Weighted_ICP,2433,0.8364153627311522,159.0,159.0
160,3,Solar_Atl,NeuralNet,ICP,2433,0.8598071755966493,346.79998779296875,160.0
161,3,Solar_Atl,NeuralNet,Weighted_ICP,2433,0.8507981665876403,327.6000366210937,161.0
162,4,Solar_Atl,RidgeCV,ICP,876,0.5180111618467783,118.43882947474137,162.0
163,4,Solar_Atl,RidgeCV,Weighted_ICP,876,0.4671486555048199,103.58450272079928,163.0
164,4,Solar_Atl,RandomForestRegressor,ICP,876,0.5143328259766616,108.23760683760688,164.0
165,4,Solar_Atl,RandomForestRegressor,Weighted_ICP,876,0.5405885337392187,119.0669565217392,165.0
166,4,Solar_Atl,NeuralNet,ICP,876,0.4242770167427702,76.2620849609375,166.0
167,4,Solar_Atl,NeuralNet,Weighted_ICP,876,0.4846524606798579,93.9581298828125,167.0
168,4,Solar_Atl,RidgeCV,ICP,1654,0.6388967070081621,127.33174287192554,168.0
169,4,Solar_Atl,RidgeCV,Weighted_ICP,1654,0.6819589079651,137.24259650211883,169.0
170,4,Solar_Atl,RandomForestRegressor,ICP,1654,0.7989023360540388,121.9333333333334,170.0
171,4,Solar_Atl,RandomForestRegressor,Weighted_ICP,1654,0.5714888826343935,132.06711544258022,171.0
172,4,Solar_Atl,NeuralNet,ICP,1654,0.5758513931888545,102.25672149658205,172.0
173,4,Solar_Atl,NeuralNet,Weighted_ICP,1654,0.6007599211933577,98.23988342285156,173.0
174,4,Solar_Atl,RidgeCV,ICP,2433,0.6903745851114272,181.7998918306496,174.0
175,4,Solar_Atl,RidgeCV,Weighted_ICP,2433,0.7129761340287656,181.66954437409225,175.0
176,4,Solar_Atl,RandomForestRegressor,ICP,2433,0.8468468468468469,173.1740259740261,176.0
177,4,Solar_Atl,RandomForestRegressor,Weighted_ICP,2433,0.8421052631578947,184.53478260869568,177.0
178,4,Solar_Atl,NeuralNet,ICP,2433,0.6884779516358464,134.27516174316406,178.0
179,4,Solar_Atl,NeuralNet,Weighted_ICP,2433,0.7703492966650861,135.13578796386722,179.0
180,5,Solar_Atl,RidgeCV,ICP,876,0.4807204464738711,106.9586521266663,180.0
181,5,Solar_Atl,RidgeCV,Weighted_ICP,876,0.5220700152207002,123.84980694555904,181.0
182,5,Solar_Atl,RandomForestRegressor,ICP,876,0.7818366311516997,123.81696779261593,182.0
183,5,Solar_Atl,RandomForestRegressor,Weighted_ICP,876,0.773972602739726,99.0,183.0
184,5,Solar_Atl,NeuralNet,ICP,876,0.6916539827498731,169.19998168945312,184.0
185,5,Solar_Atl,NeuralNet,Weighted_ICP,876,0.7200659563673262,188.0,185.0
186,5,Solar_Atl,RidgeCV,ICP,1654,0.674781874472277,133.357071413581,186.0
187,5,Solar_Atl,RidgeCV,Weighted_ICP,1654,0.6320011258091753,137.2657100494757,187.0
188,5,Solar_Atl,RandomForestRegressor,ICP,1654,0.8139600337742753,154.26429677704832,188.0
189,5,Solar_Atl,RandomForestRegressor,Weighted_ICP,1654,0.7983394314663664,123.70731707317076,189.0
190,5,Solar_Atl,NeuralNet,ICP,1654,0.5714888826343935,102.9393310546875,190.0
191,5,Solar_Atl,NeuralNet,Weighted_ICP,1654,0.6182099634112018,92.76570892333984,191.0
192,5,Solar_Atl,RidgeCV,ICP,2433,0.7063379168642326,186.34739454635707,192.0
193,5,Solar_Atl,RidgeCV,Weighted_ICP,2433,0.6576576576576577,170.6574068341443,193.0
194,5,Solar_Atl,RandomForestRegressor,ICP,2433,0.8471629524261103,182.5584415584417,194.0
195,5,Solar_Atl,RandomForestRegressor,Weighted_ICP,2433,0.5952268057531216,181.20211423699925,195.0
196,5,Solar_Atl,NeuralNet,ICP,2433,0.7774616721985143,142.5366668701172,196.0
197,5,Solar_Atl,NeuralNet,Weighted_ICP,2433,0.6394815868500079,111.7348861694336,197.0
198,6,Solar_Atl,RidgeCV,ICP,876,0.5314561136478945,120.98237302729952,198.0
199,6,Solar_Atl,RidgeCV,Weighted_ICP,876,0.4273211567732116,105.87876821390408,199.0
200,6,Solar_Atl,RandomForestRegressor,ICP,876,0.8014967021816337,148.5878787878789,200.0
201,6,Solar_Atl,RandomForestRegressor,Weighted_ICP,876,0.4823693556570269,88.59130434782608,201.0
202,6,Solar_Atl,NeuralNet,ICP,876,0.4070268899036023,79.65637969970703,202.0
203,6,Solar_Atl,NeuralNet,Weighted_ICP,876,0.4278285134449518,76.0,203.0
204,6,Solar_Atl,RidgeCV,ICP,1654,0.6828032648466085,138.7552441918125,204.0
205,6,Solar_Atl,RidgeCV,Weighted_ICP,1654,0.6422741345341965,130.38327085331198,205.0
206,6,Solar_Atl,RandomForestRegressor,ICP,1654,0.8125527723050943,133.53846153846152,206.0
207,6,Solar_Atl,RandomForestRegressor,Weighted_ICP,1654,0.8212777934140163,150.45223133716172,207.0
208,6,Solar_Atl,NeuralNet,ICP,1654,0.5956937799043063,105.48773956298828,208.0
209,6,Solar_Atl,NeuralNet,Weighted_ICP,1654,0.6374894455389811,100.96281433105469,209.0
210,6,Solar_Atl,RidgeCV,ICP,2433,0.6666666666666666,172.02672216457253,210.0
211,6,Solar_Atl,RidgeCV,Weighted_ICP,2433,0.6723565670934092,177.5803680264501,211.0
212,6,Solar_Atl,RandomForestRegressor,ICP,2433,0.8560139086454875,226.7722222222224,212.0
213,6,Solar_Atl,RandomForestRegressor,Weighted_ICP,2433,0.8447921605816343,178.58743265173646,213.0
214,6,Solar_Atl,NeuralNet,ICP,2433,0.7984826932195354,130.57493591308594,214.0
215,6,Solar_Atl,NeuralNet,Weighted_ICP,2433,0.6603445550813972,129.15213012695312,215.0
216,7,Solar_Atl,RidgeCV,ICP,876,0.46308980213089795,107.64475384223428,216.0
217,7,Solar_Atl,RidgeCV,Weighted_ICP,876,0.4941653982749873,116.02267882701608,217.0
218,7,Solar_Atl,RandomForestRegressor,ICP,876,0.7502536783358701,88.7458661417323,218.0
219,7,Solar_Atl,RandomForestRegressor,Weighted_ICP,876,0.7880517503805176,120.806734006734,219.0
220,7,Solar_Atl,NeuralNet,ICP,876,0.4037290715372907,66.51010894775389,220.0
221,7,Solar_Atl,NeuralNet,Weighted_ICP,876,0.4306189751395231,75.54076385498047,221.0
222,7,Solar_Atl,RidgeCV,ICP,1654,0.6650717703349283,129.85021295064806,222.0
223,7,Solar_Atl,RidgeCV,Weighted_ICP,1654,0.6764705882352942,133.40175447764514,223.0
224,7,Solar_Atl,RandomForestRegressor,ICP,1654,0.5800731775963974,133.18095238095228,224.0
225,7,Solar_Atl,RandomForestRegressor,Weighted_ICP,1654,0.5462989023360539,114.08473967684021,225.0
226,7,Solar_Atl,NeuralNet,ICP,1654,0.6239797354348438,97.33264923095705,226.0
227,7,Solar_Atl,NeuralNet,Weighted_ICP,1654,0.6873065015479877,107.64924621582031,227.0
228,7,Solar_Atl,RidgeCV,ICP,2433,0.698909435751541,178.56613394372295,228.0
229,7,Solar_Atl,RidgeCV,Weighted_ICP,2433,0.6861071597913703,170.7966211101194,229.0
230,7,Solar_Atl,RandomForestRegressor,ICP,2433,0.8435277382645804,184.75449101796409,230.0
231,7,Solar_Atl,RandomForestRegressor,Weighted_ICP,2433,0.8402086296823139,173.87890991910785,231.0
232,7,Solar_Atl,NeuralNet,ICP,2433,0.7474316421684842,131.98866271972656,232.0
233,7,Solar_Atl,NeuralNet,Weighted_ICP,2433,0.7485380116959064,129.2548828125,233.0
234,8,Solar_Atl,RidgeCV,ICP,876,0.6666666666666666,123.00341499043778,234.0
235,8,Solar_Atl,RidgeCV,Weighted_ICP,876,0.4538305428716388,107.37273750122057,235.0
236,8,Solar_Atl,RandomForestRegressor,ICP,876,0.7940131912734653,121.18125000000008,236.0
237,8,Solar_Atl,RandomForestRegressor,Weighted_ICP,876,0.7762557077625569,108.75,237.0
238,8,Solar_Atl,NeuralNet,ICP,876,0.7422628107559615,154.39744567871094,238.0
239,8,Solar_Atl,NeuralNet,Weighted_ICP,876,0.5058346017250127,89.57020568847656,239.0
240,8,Solar_Atl,RidgeCV,ICP,1654,0.6187728679988742,127.3733188421241,240.0
241,8,Solar_Atl,RidgeCV,Weighted_ICP,1654,0.635941457922882,129.2490522889617,241.0
242,8,Solar_Atl,RandomForestRegressor,ICP,1654,0.5716296087813115,119.15722222222229,242.0
243,8,Solar_Atl,RandomForestRegressor,Weighted_ICP,1654,0.547706163805235,113.84411695906435,243.0
244,8,Solar_Atl,NeuralNet,ICP,1654,0.5582606248240923,91.79295349121094,244.0
245,8,Solar_Atl,NeuralNet,Weighted_ICP,1654,0.6273571629608782,102.40821075439452,245.0
246,8,Solar_Atl,RidgeCV,ICP,2433,0.7232495653548285,179.76674789405774,246.0
247,8,Solar_Atl,RidgeCV,Weighted_ICP,2433,0.6978030662241188,185.06700299267982,247.0
248,8,Solar_Atl,RandomForestRegressor,ICP,2433,0.8566461198040145,223.81063829787257,248.0
249,8,Solar_Atl,RandomForestRegressor,Weighted_ICP,2433,0.8604393867551763,188.20724505327286,249.0
250,8,Solar_Atl,NeuralNet,ICP,2433,0.617196143511933,114.91800689697266,250.0
251,8,Solar_Atl,NeuralNet,Weighted_ICP,2433,0.6374269005847953,118.40457916259766,251.0
252,9,Solar_Atl,RidgeCV,ICP,876,0.5492135971588027,109.56607657924677,252.0
253,9,Solar_Atl,RidgeCV,Weighted_ICP,876,0.4769152714358194,107.5390699306667,253.0
254,9,Solar_Atl,RandomForestRegressor,ICP,876,0.5494672754946728,134.19746478873233,254.0
255,9,Solar_Atl,RandomForestRegressor,Weighted_ICP,876,0.7678843226788432,100.22387955182072,255.0
256,9,Solar_Atl,NeuralNet,ICP,876,0.578259766615931,124.83274841308594,256.0
257,9,Solar_Atl,NeuralNet,Weighted_ICP,876,0.5488330796549975,109.09974670410156,257.0
258,9,Solar_Atl,RidgeCV,ICP,1654,0.6643681396003377,135.51122978930331,258.0
259,9,Solar_Atl,RidgeCV,Weighted_ICP,1654,0.6681677455671263,140.25098387224614,259.0
260,9,Solar_Atl,RandomForestRegressor,ICP,1654,0.5630453138193077,125.12263670411984,260.0
261,9,Solar_Atl,RandomForestRegressor,Weighted_ICP,1654,0.5698001688713763,123.81851179673323,261.0
262,9,Solar_Atl,NeuralNet,ICP,1654,0.7659724176752041,230.0,262.0
263,9,Solar_Atl,NeuralNet,Weighted_ICP,1654,0.7831410075992119,245.6000213623047,263.0
264,9,Solar_Atl,RidgeCV,ICP,2433,0.7074442863916548,180.86629315236252,264.0
265,9,Solar_Atl,RidgeCV,Weighted_ICP,2433,0.6834202623676308,175.6562337990567,265.0
266,9,Solar_Atl,RandomForestRegressor,ICP,2433,0.839576418523787,176.62207965784572,266.0
267,9,Solar_Atl,RandomForestRegressor,Weighted_ICP,2433,0.8468468468468469,186.01942955707543,267.0
268,9,Solar_Atl,NeuralNet,ICP,2433,0.7393709498972657,134.33558654785156,268.0
269,9,Solar_Atl,NeuralNet,Weighted_ICP,2433,0.7303619408882567,115.9927215576172,269.0
270,0,Solar_Atl,RNN,ICP,876,0.5720446473871131,112.41902923583984,270.0
271,0,Solar_Atl,RNN,Weighted_ICP,876,0.526002029426687,108.32801055908205,271.0
272,0,Solar_Atl,RNN,ICP,1654,0.7856740782437377,157.79747009277344,272.0
273,0,Solar_Atl,RNN,Weighted_ICP,1654,0.7963692654095131,152.88720703125,273.0
274,0,Solar_Atl,RNN,ICP,2433,0.8391022601548918,298.0,274.0
275,0,Solar_Atl,RNN,Weighted_ICP,2433,0.8507981665876403,327.6175537109375,275.0
276,1,Solar_Atl,RNN,ICP,876,0.5112886859462202,105.29397583007812,276.0
277,1,Solar_Atl,RNN,Weighted_ICP,876,0.6657787924911213,125.94136810302734,277.0
278,1,Solar_Atl,RNN,ICP,1654,0.7340275823247959,152.61083984375,278.0
279,1,Solar_Atl,RNN,Weighted_ICP,1654,0.7849704475091472,145.81324768066406,279.0
280,1,Solar_Atl,RNN,ICP,2433,0.8590169116484906,196.2499847412109,280.0
281,1,Solar_Atl,RNN,Weighted_ICP,2433,0.8574363837521732,193.5409393310547,281.0
282,2,Solar_Atl,RNN,ICP,876,0.6100963977676307,114.12506866455078,282.0
283,2,Solar_Atl,RNN,Weighted_ICP,876,0.5989345509893456,132.57737731933594,283.0
284,2,Solar_Atl,RNN,ICP,1654,0.7604840979453983,154.99716186523438,284.0
285,2,Solar_Atl,RNN,Weighted_ICP,1654,0.7618913594145792,147.10952758789062,285.0
286,2,Solar_Atl,RNN,ICP,2433,0.8522206416943259,187.9197235107422,286.0
287,2,Solar_Atl,RNN,Weighted_ICP,2433,0.8550655919076972,187.41661071777344,287.0
288,3,Solar_Atl,RNN,ICP,876,0.5561897513952309,118.75000762939452,288.0
289,3,Solar_Atl,RNN,Weighted_ICP,876,0.5498477929984781,114.07616424560548,289.0
290,3,Solar_Atl,RNN,ICP,1654,0.7955249085280045,160.4427490234375,290.0
291,3,Solar_Atl,RNN,Weighted_ICP,1654,0.7918660287081339,154.19041442871094,291.0
292,3,Solar_Atl,RNN,ICP,2433,0.6649280859807175,124.87396240234376,292.0
293,3,Solar_Atl,RNN,Weighted_ICP,2433,0.6625572941362415,123.92078399658205,293.0
294,4,Solar_Atl,RNN,ICP,876,0.5535261288685946,119.73595428466795,294.0
295,4,Solar_Atl,RNN,Weighted_ICP,876,0.5929731100963977,127.61178588867188,295.0
296,4,Solar_Atl,RNN,ICP,1654,0.7841260906276386,148.4386444091797,296.0
297,4,Solar_Atl,RNN,Weighted_ICP,1654,0.7383900928792569,141.1843719482422,297.0
298,4,Solar_Atl,RNN,ICP,2433,0.8191876086612929,186.805419921875,298.0
299,4,Solar_Atl,RNN,Weighted_ICP,2433,0.8572783309625415,200.8724365234375,299.0
300,5,Solar_Atl,RNN,ICP,876,0.6916539827498731,169.20376586914062,300.0
301,5,Solar_Atl,RNN,Weighted_ICP,876,0.7200659563673262,188.0,301.0
302,5,Solar_Atl,RNN,ICP,1654,0.7872220658598368,144.00320434570312,302.0
303,5,Solar_Atl,RNN,Weighted_ICP,1654,0.723895299746693,139.12603759765622,303.0
304,5,Solar_Atl,RNN,ICP,2433,0.8386281017859966,190.63540649414062,304.0
305,5,Solar_Atl,RNN,Weighted_ICP,2433,0.8481112691639008,196.0727844238281,305.0
306,6,Solar_Atl,RNN,ICP,876,0.5574581430745814,122.93407440185548,306.0
307,6,Solar_Atl,RNN,Weighted_ICP,876,0.5139523084728564,102.04309844970705,307.0
308,6,Solar_Atl,RNN,ICP,1654,0.7531663383056572,156.24977111816406,308.0
309,6,Solar_Atl,RNN,Weighted_ICP,1654,0.7573881227132001,144.32827758789062,309.0
310,6,Solar_Atl,RNN,ICP,2433,0.8500079026394816,324.7799987792969,310.0
311,6,Solar_Atl,RNN,Weighted_ICP,2433,0.8596491228070176,222.66860961914062,311.0
312,7,Solar_Atl,RNN,ICP,876,0.5416032470826991,111.12850952148438,312.0
313,7,Solar_Atl,RNN,Weighted_ICP,876,0.5428716387620497,115.86148834228516,313.0
314,7,Solar_Atl,RNN,ICP,1654,0.7683647621728117,148.17173767089844,314.0
315,7,Solar_Atl,RNN,Weighted_ICP,1654,0.7820151984238671,153.74981689453125,315.0
316,7,Solar_Atl,RNN,ICP,2433,0.8609135451240715,350.0,316.0
317,7,Solar_Atl,RNN,Weighted_ICP,2433,0.8598071755966493,344.3867492675781,317.0
318,8,Solar_Atl,RNN,ICP,876,0.6316590563165906,127.79930114746094,318.0
319,8,Solar_Atl,RNN,Weighted_ICP,876,0.571664129883308,107.17181396484376,319.0
320,8,Solar_Atl,RNN,ICP,1654,0.7336054038840416,138.35932922363278,320.0
321,8,Solar_Atl,RNN,Weighted_ICP,1654,0.7865184351252462,155.87152099609375,321.0
322,8,Solar_Atl,RNN,ICP,2433,0.8476371107950055,196.16775512695312,322.0
323,8,Solar_Atl,RNN,Weighted_ICP,2433,0.8487434803224277,186.9893951416016,323.0
324,9,Solar_Atl,RNN,ICP,876,0.5735667174023339,126.68851470947266,324.0
325,9,Solar_Atl,RNN,Weighted_ICP,876,0.5668442415017757,114.44202423095705,325.0
326,9,Solar_Atl,RNN,ICP,1654,0.7327610470025331,139.32801818847656,326.0
327,9,Solar_Atl,RNN,Weighted_ICP,1654,0.7938361947649873,146.0001983642578,327.0
328,9,Solar_Atl,RNN,ICP,2433,0.8372056266793109,182.36346435546875,328.0
329,9,Solar_Atl,RNN,Weighted_ICP,2433,0.8455824245297929,193.3647918701172,329.0
